src,dst,value
1,7,0.0
1,13,0.0
1,19,0.0
1,25,0.0
1,31,0.0
1,37,0.0
1,43,0.0
1,49,0.0
1,55,0.0
1,61,0.0
1,67,0.0
1,73,0.0
1,79,0.0
1,85,0.0
1,91,0.0
1,97,0.0
1,103,0.0
1,109,0.0
1,115,0.0
1,121,0.0
1,127,0.0
1,133,0.0
1,139,0.0
1,145,0.0
1,151,0.0
1,157,0.0
1,163,0.0
1,169,0.0
1,175,0.0
1,181,0.0
1,187,0.0
1,193,0.0
1,199,0.0
1,205,0.0
1,211,0.0
1,217,0.0
1,223,0.0
1,229,0.0
1,235,0.0
1,241,0.0
1,247,0.0
1,253,0.0
1,259,0.0
1,265,0.0
1,271,0.0
1,277,0.0
1,283,0.0
1,289,0.0
1,295,0.0
1,301,0.0
1,307,0.0
1,313,0.0
1,319,0.0
1,325,0.0
1,331,0.0
1,337,0.0
1,343,0.0
1,349,0.0
1,355,0.0
1,361,0.0
1,367,0.0
1,373,0.0
1,379,0.0
1,385,0.0
1,391,0.0
1,397,0.0
7,1,0.0
7,13,0.0
7,19,0.0
7,25,0.0
7,31,0.0
7,37,0.0
7,43,0.0
7,49,0.0
7,55,0.0
7,61,0.0
7,67,0.0
7,73,0.0
7,79,0.0
7,85,0.0
7,91,0.0
7,97,0.0
7,103,0.0
7,109,0.0
7,115,0.0
7,121,0.0
7,127,0.0
7,133,0.0
7,139,0.0
7,145,0.0
7,151,0.0
7,157,0.0
7,163,0.0
7,169,0.0
7,175,0.0
7,181,0.0
7,187,0.0
7,193,0.0
7,199,0.0
7,205,0.0
7,211,0.0
7,217,0.0
7,223,0.0
7,229,0.0
7,235,0.0
7,241,0.0
7,247,0.0
7,253,0.0
7,259,0.0
7,265,0.0
7,271,0.0
7,277,0.0
7,283,0.0
7,289,0.0
7,295,0.0
7,301,0.0
7,307,0.0
7,313,0.0
7,319,0.0
7,325,0.0
7,331,0.0
7,337,0.0
7,343,0.0
7,349,0.0
7,355,0.0
7,361,0.0
7,367,0.0
7,373,0.0
7,379,0.0
7,385,0.0
7,391,0.0
7,397,0.0
13,1,0.0
13,7,0.0
13,19,0.0
13,25,0.0
13,31,0.0
13,37,0.0
13,43,0.0
13,49,0.0
13,55,0.0
13,61,0.0
13,67,0.0
13,73,0.0
13,79,0.0
13,85,0.0
13,91,0.0
13,97,0.0
13,103,0.0
13,109,0.0
13,115,0.0
13,121,0.0
13,127,0.0
13,133,0.0
13,139,0.0
13,145,0.0
13,151,0.0
13,157,0.0
13,163,0.0
13,169,0.0
13,175,0.0
13,181,0.0
13,187,0.0
13,193,0.0
13,199,0.0
13,205,0.0
13,211,0.0
13,217,0.0
13,223,0.0
13,229,0.0
13,235,0.0
13,241,0.0
13,247,0.0
13,253,0.0
13,259,0.0
13,265,0.0
13,271,0.0
13,277,0.0
13,283,0.0
13,289,0.0
13,295,0.0
13,301,0.0
13,307,0.0
13,313,0.0
13,319,0.0
13,325,0.0
13,331,0.0
13,337,0.0
13,343,0.0
13,349,0.0
13,355,0.0
13,361,0.0
13,367,0.0
13,373,0.0
13,379,0.0
13,385,0.0
13,391,0.0
13,397,0.0
19,1,0.0
19,7,0.0
19,13,0.0
19,25,0.0
19,31,0.0
19,37,0.0
19,43,0.0
19,49,0.0
19,55,0.0
19,61,0.0
19,67,0.0
19,73,0.0
19,79,0.0
19,85,0.0
19,91,0.0
19,97,0.0
19,103,0.0
19,109,0.0
19,115,0.0
19,121,0.0
19,127,0.0
19,133,0.0
19,139,0.0
19,145,0.0
19,151,0.0
19,157,0.0
19,163,0.0
19,169,0.0
19,175,0.0
19,181,0.0
19,187,0.0
19,193,0.0
19,199,0.0
19,205,0.0
19,211,0.0
19,217,0.0
19,223,0.0
19,229,0.0
19,235,0.0
19,241,0.0
19,247,0.0
19,253,0.0
19,259,0.0
19,265,0.0
19,271,0.0
19,277,0.0
19,283,0.0
19,289,0.0
19,295,0.0
19,301,0.0
19,307,0.0
19,313,0.0
19,319,0.0
19,325,0.0
19,331,0.0
19,337,0.0
19,343,0.0
19,349,0.0
19,355,0.0
19,361,0.0
19,367,0.0
19,373,0.0
19,379,0.0
19,385,0.0
19,391,0.0
19,397,0.0
25,1,0.0
25,7,0.0
25,13,0.0
25,19,0.0
25,31,0.0
25,37,0.0
25,43,0.0
25,49,0.0
25,55,0.0
25,61,0.0
25,67,0.0
25,73,0.0
25,79,0.0
25,85,0.0
25,91,0.0
25,97,0.0
25,103,0.0
25,109,0.0
25,115,0.0
25,121,0.0
25,127,0.0
25,133,0.0
25,139,0.0
25,145,0.0
25,151,0.0
25,157,0.0
25,163,0.0
25,169,0.3
25,175,0.0
25,181,0.0
25,187,0.0
25,193,0.0
25,199,0.0
25,205,0.0
25,211,0.0
25,217,0.0
25,223,0.0
25,229,0.0
25,235,0.0
25,241,0.0
25,247,0.0
25,253,0.0
25,259,0.0
25,265,0.0
25,271,0.0
25,277,0.0
25,283,0.0
25,289,0.0
25,295,0.0
25,301,0.0
25,307,0.0
25,313,0.0
25,319,0.0
25,325,0.0
25,331,0.0
25,337,0.0
25,343,0.0
25,349,0.0
25,355,0.0
25,361,0.0
25,367,0.0
25,373,0.0
25,379,0.0
25,385,0.0
25,391,0.0
25,397,0.0
31,1,0.0
31,7,0.0
31,13,0.0
31,19,0.0
31,25,0.0
31,37,0.0
31,43,0.0
31,49,0.0
31,55,0.0
31,61,0.0
31,67,0.0
31,73,0.0
31,79,0.0
31,85,0.0
31,91,0.0
31,97,0.0
31,103,0.0
31,109,0.0
31,115,0.0
31,121,0.0
31,127,0.0
31,133,0.0
31,139,0.0
31,145,0.0
31,151,0.0
31,157,0.0
31,163,0.0
31,169,0.0
31,175,0.0
31,181,0.0
31,187,0.0
31,193,0.0
31,199,0.0
31,205,0.0
31,211,7.9
31,217,0.0
31,223,0.0
31,229,0.0
31,235,0.0
31,241,0.0
31,247,0.0
31,253,0.0
31,259,0.0
31,265,0.0
31,271,0.0
31,277,0.0
31,283,0.0
31,289,0.0
31,295,0.0
31,301,0.0
31,307,0.0
31,313,0.0
31,319,0.0
31,325,0.0
31,331,0.0
31,337,0.0
31,343,0.0
31,349,0.0
31,355,0.0
31,361,0.0
31,367,0.0
31,373,0.0
31,379,0.0
31,385,0.0
31,391,0.0
31,397,0.0
37,1,0.0
37,7,0.0
37,13,0.0
37,19,0.0
37,25,0.0
37,31,0.0
37,43,0.0
37,49,0.0
37,55,0.0
37,61,0.0
37,67,0.0
37,73,0.0
37,79,0.0
37,85,0.0
37,91,0.0
37,97,0.0
37,103,0.0
37,109,0.0
37,115,0.0
37,121,0.0
37,127,0.0
37,133,0.0
37,139,0.0
37,145,0.0
37,151,0.0
37,157,0.0
37,163,0.0
37,169,0.0
37,175,0.0
37,181,0.0
37,187,0.0
37,193,0.0
37,199,0.0
37,205,0.0
37,211,0.0
37,217,0.0
37,223,0.0
37,229,0.0
37,235,0.0
37,241,0.0
37,247,0.0
37,253,0.0
37,259,0.0
37,265,0.0
37,271,0.0
37,277,0.0
37,283,0.0
37,289,0.0
37,295,0.0
37,301,0.0
37,307,0.0
37,313,0.0
37,319,0.0
37,325,0.0
37,331,0.0
37,337,0.0
37,343,0.0
37,349,0.0
37,355,0.0
37,361,0.0
37,367,0.0
37,373,0.0
37,379,0.0
37,385,0.0
37,391,0.0
37,397,0.0
43,1,0.0
43,7,0.0
43,13,0.0
43,19,0.0
43,25,0.0
43,31,0.0
43,37,0.0
43,49,0.0
43,55,0.0
43,61,0.0
43,67,0.0
43,73,0.0
43,79,0.0
43,85,0.0
43,91,0.0
43,97,0.0
43,103,0.0
43,109,0.0
43,115,0.0
43,121,0.0
43,127,0.0
43,133,0.0
43,139,0.0
43,145,0.0
43,151,0.0
43,157,0.0
43,163,0.0
43,169,0.0
43,175,0.0
43,181,0.0
43,187,0.0
43,193,0.0
43,199,0.0
43,205,0.0
43,211,0.0
43,217,0.0
43,223,0.0
43,229,0.0
43,235,0.0
43,241,0.0
43,247,0.0
43,253,0.0
43,259,0.0
43,265,0.0
43,271,0.0
43,277,0.0
43,283,0.0
43,289,0.0
43,295,0.0
43,301,0.0
43,307,0.0
43,313,0.0
43,319,0.0
43,325,0.0
43,331,0.0
43,337,0.0
43,343,0.0
43,349,0.0
43,355,0.0
43,361,0.0
43,367,0.0
43,373,0.0
43,379,0.0
43,385,0.0
43,391,0.0
43,397,0.0
49,1,0.0
49,7,0.0
49,13,0.0
49,19,0.0
49,25,0.0
49,31,0.0
49,37,0.0
49,43,0.0
49,55,0.0
49,61,0.0
49,67,0.0
49,73,0.0
49,79,0.0
49,85,0.0
49,91,0.0
49,97,0.0
49,103,0.0
49,109,0.0
49,115,0.0
49,121,0.0
49,127,0.0
49,133,0.0
49,139,0.0
49,145,0.0
49,151,0.0
49,157,0.0
49,163,0.0
49,169,0.0
49,175,0.0
49,181,0.0
49,187,0.0
49,193,0.0
49,199,0.0
49,205,0.0
49,211,0.0
49,217,0.0
49,223,0.0
49,229,0.0
49,235,0.0
49,241,0.0
49,247,0.0
49,253,0.0
49,259,0.0
49,265,0.0
49,271,0.0
49,277,0.0
49,283,0.0
49,289,0.0
49,295,0.0
49,301,0.0
49,307,0.0
49,313,0.0
49,319,0.0
49,325,0.0
49,331,0.0
49,337,0.0
49,343,0.0
49,349,0.0
49,355,0.0
49,361,0.0
49,367,0.0
49,373,0.0
49,379,0.0
49,385,0.0
49,391,0.0
49,397,0.0
55,1,0.0
55,7,0.0
55,13,0.0
55,19,0.0
55,25,0.0
55,31,0.0
55,37,0.0
55,43,0.0
55,49,0.0
55,61,0.0
55,67,0.0
55,73,0.0
55,79,0.0
55,85,0.0
55,91,0.0
55,97,0.0
55,103,0.0
55,109,0.0
55,115,0.0
55,121,0.0
55,127,0.0
55,133,0.0
55,139,0.0
55,145,0.0
55,151,0.0
55,157,0.0
55,163,0.0
55,169,0.0
55,175,0.0
55,181,0.0
55,187,0.0
55,193,0.0
55,199,0.0
55,205,0.0
55,211,0.0
55,217,0.0
55,223,0.0
55,229,0.0
55,235,0.0
55,241,0.0
55,247,0.0
55,253,0.0
55,259,0.0
55,265,0.0
55,271,0.0
55,277,0.0
55,283,0.0
55,289,0.0
55,295,0.0
55,301,0.0
55,307,0.0
55,313,0.0
55,319,0.0
55,325,0.0
55,331,0.0
55,337,0.0
55,343,0.0
55,349,0.0
55,355,0.0
55,361,0.0
55,367,0.0
55,373,0.0
55,379,0.0
55,385,0.0
55,391,0.0
55,397,0.0
61,1,0.0
61,7,0.0
61,13,0.0
61,19,0.0
61,25,0.0
61,31,0.0
61,37,0.0
61,43,0.0
61,49,0.0
61,55,0.0
61,67,0.0
61,73,0.0
61,79,0.0
61,85,0.0
61,91,0.0
61,97,0.0
61,103,0.0
61,109,0.0
61,115,0.0
61,121,0.0
61,127,0.0
61,133,0.0
61,139,0.0
61,145,0.0
61,151,0.0
61,157,0.0
61,163,0.0
61,169,0.0
61,175,0.0
61,181,0.0
61,187,0.0
61,193,0.0
61,199,0.0
61,205,0.0
61,211,0.0
61,217,0.0
61,223,0.0
61,229,0.0
61,235,0.0
61,241,0.0
61,247,0.0
61,253,0.0
61,259,0.0
61,265,0.0
61,271,0.0
61,277,0.0
61,283,0.0
61,289,0.0
61,295,0.0
61,301,0.0
61,307,0.0
61,313,0.0
61,319,0.0
61,325,0.0
61,331,0.0
61,337,0.0
61,343,0.0
61,349,0.0
61,355,0.0
61,361,0.0
61,367,0.0
61,373,0.0
61,379,0.0
61,385,0.0
61,391,0.0
61,397,0.0
67,1,0.0
67,7,0.0
67,13,0.0
67,19,0.0
67,25,0.0
67,31,0.0
67,37,0.0
67,43,0.0
67,49,0.0
67,55,0.0
67,61,0.0
67,73,0.0
67,79,0.0
67,85,0.0
67,91,0.0
67,97,0.0
67,103,0.0
67,109,0.0
67,115,0.0
67,121,0.0
67,127,0.0
67,133,0.0
67,139,0.0
67,145,0.0
67,151,0.0
67,157,0.0
67,163,0.0
67,169,0.0
67,175,0.0
67,181,0.0
67,187,0.0
67,193,0.0
67,199,0.0
67,205,0.0
67,211,0.0
67,217,0.0
67,223,0.0
67,229,0.0
67,235,0.0
67,241,0.0
67,247,0.0
67,253,0.0
67,259,0.0
67,265,0.0
67,271,0.0
67,277,0.0
67,283,0.0
67,289,0.0
67,295,0.0
67,301,0.0
67,307,0.0
67,313,0.0
67,319,0.0
67,325,0.0
67,331,0.0
67,337,0.0
67,343,0.0
67,349,0.0
67,355,0.0
67,361,0.0
67,367,0.0
67,373,0.0
67,379,0.0
67,385,0.0
67,391,0.0
67,397,0.0
73,1,0.0
73,7,0.0
73,13,0.0
73,19,0.0
73,25,0.0
73,31,0.0
73,37,0.0
73,43,0.0
73,49,0.0
73,55,0.0
73,61,0.0
73,67,0.0
73,79,0.0
73,85,0.0
73,91,0.0
73,97,0.0
73,103,0.0
73,109,0.0
73,115,0.0
73,121,0.0
73,127,0.0
73,133,0.0
73,139,0.0
73,145,0.0
73,151,0.0
73,157,0.0
73,163,0.0
73,169,0.0
73,175,0.0
73,181,0.0
73,187,0.0
73,193,0.0
73,199,0.0
73,205,0.0
73,211,0.0
73,217,0.0
73,223,0.0
73,229,0.0
73,235,0.0
73,241,0.0
73,247,0.0
73,253,0.0
73,259,0.0
73,265,0.0
73,271,0.0
73,277,0.0
73,283,0.0
73,289,0.0
73,295,0.0
73,301,0.0
73,307,0.0
73,313,0.0
73,319,0.0
73,325,0.0
73,331,0.0
73,337,0.0
73,343,0.0
73,349,0.0
73,355,0.0
73,361,0.0
73,367,0.0
73,373,0.0
73,379,0.0
73,385,0.0
73,391,0.0
73,397,0.0
79,1,0.0
79,7,0.0
79,13,0.0
79,19,0.0
79,25,0.0
79,31,0.0
79,37,0.0
79,43,0.0
79,49,0.0
79,55,0.0
79,61,0.0
79,67,0.0
79,73,0.0
79,85,0.0
79,91,0.0
79,97,0.0
79,103,0.0
79,109,0.0
79,115,0.0
79,121,0.0
79,127,0.0
79,133,0.0
79,139,0.0
79,145,0.0
79,151,0.0
79,157,0.0
79,163,0.0
79,169,0.0
79,175,0.0
79,181,0.0
79,187,0.0
79,193,0.0
79,199,0.0
79,205,0.0
79,211,0.0
79,217,0.0
79,223,0.0
79,229,0.0
79,235,0.0
79,241,0.0
79,247,0.0
79,253,0.0
79,259,0.0
79,265,0.0
79,271,0.0
79,277,0.0
79,283,0.0
79,289,0.0
79,295,0.0
79,301,0.0
79,307,0.0
79,313,0.0
79,319,0.0
79,325,0.0
79,331,0.0
79,337,0.0
79,343,0.0
79,349,0.0
79,355,0.0
79,361,0.0
79,367,0.0
79,373,0.0
79,379,0.0
79,385,0.0
79,391,0.0
79,397,0.0
85,1,0.0
85,7,0.0
85,13,0.0
85,19,0.0
85,25,0.0
85,31,0.0
85,37,0.0
85,43,0.0
85,49,0.0
85,55,0.0
85,61,0.0
85,67,0.0
85,73,0.0
85,79,0.0
85,91,0.0
85,97,0.0
85,103,0.0
85,109,0.0
85,115,0.0
85,121,0.0
85,127,0.0
85,133,0.0
85,139,0.0
85,145,0.0
85,151,0.0
85,157,0.0
85,163,0.0
85,169,0.0
85,175,0.0
85,181,0.0
85,187,0.0
85,193,0.0
85,199,0.0
85,205,0.0
85,211,0.0
85,217,0.0
85,223,0.0
85,229,0.0
85,235,0.0
85,241,0.0
85,247,0.0
85,253,0.0
85,259,0.0
85,265,0.0
85,271,0.4
85,277,0.0
85,283,0.0
85,289,0.0
85,295,0.0
85,301,0.0
85,307,0.0
85,313,0.0
85,319,0.0
85,325,0.0
85,331,0.0
85,337,0.0
85,343,0.0
85,349,0.0
85,355,0.0
85,361,0.0
85,367,0.0
85,373,0.0
85,379,0.0
85,385,0.0
85,391,0.0
85,397,0.0
91,1,0.0
91,7,0.0
91,13,0.0
91,19,0.0
91,25,0.0
91,31,0.0
91,37,0.0
91,43,0.0
91,49,0.0
91,55,0.0
91,61,0.0
91,67,0.0
91,73,0.0
91,79,0.0
91,85,0.0
91,97,0.0
91,103,0.0
91,109,0.0
91,115,0.0
91,121,0.0
91,127,0.0
91,133,0.0
91,139,0.0
91,145,0.0
91,151,0.0
91,157,0.0
91,163,0.0
91,169,0.0
91,175,0.0
91,181,0.0
91,187,0.0
91,193,0.0
91,199,0.0
91,205,0.0
91,211,0.0
91,217,0.0
91,223,0.0
91,229,0.0
91,235,0.0
91,241,0.0
91,247,0.0
91,253,0.0
91,259,0.0
91,265,0.0
91,271,0.4
91,277,0.0
91,283,0.0
91,289,0.0
91,295,0.0
91,301,0.0
91,307,0.0
91,313,0.0
91,319,0.0
91,325,0.0
91,331,0.0
91,337,0.0
91,343,0.0
91,349,0.0
91,355,0.0
91,361,0.0
91,367,0.0
91,373,0.0
91,379,0.0
91,385,0.0
91,391,0.0
91,397,0.0
97,1,0.0
97,7,0.0
97,13,0.0
97,19,0.0
97,25,0.0
97,31,0.0
97,37,0.0
97,43,0.0
97,49,0.0
97,55,0.0
97,61,0.0
97,67,0.0
97,73,0.0
97,79,0.0
97,85,0.0
97,91,0.0
97,103,0.0
97,109,0.0
97,115,0.0
97,121,0.0
97,127,0.0
97,133,0.0
97,139,0.0
97,145,0.0
97,151,0.0
97,157,0.0
97,163,0.0
97,169,0.0
97,175,0.0
97,181,0.0
97,187,0.0
97,193,0.0
97,199,0.0
97,205,0.0
97,211,0.0
97,217,0.0
97,223,0.0
97,229,0.0
97,235,0.0
97,241,0.0
97,247,0.0
97,253,0.0
97,259,0.0
97,265,0.0
97,271,0.0
97,277,0.0
97,283,0.0
97,289,0.0
97,295,0.0
97,301,0.0
97,307,0.0
97,313,0.0
97,319,0.0
97,325,0.0
97,331,0.0
97,337,0.0
97,343,0.0
97,349,0.0
97,355,0.0
97,361,0.0
97,367,0.0
97,373,0.0
97,379,0.0
97,385,0.0
97,391,0.0
97,397,0.0
103,1,0.0
103,7,0.0
103,13,0.0
103,19,0.0
103,25,0.0
103,31,0.0
103,37,0.0
103,43,0.0
103,49,0.0
103,55,0.0
103,61,0.0
103,67,0.0
103,73,0.0
103,79,0.0
103,85,0.0
103,91,0.0
103,97,0.0
103,109,0.0
103,115,0.0
103,121,0.0
103,127,0.0
103,133,0.0
103,139,0.0
103,145,0.0
103,151,0.0
103,157,0.0
103,163,0.0
103,169,0.0
103,175,0.0
103,181,0.0
103,187,0.0
103,193,0.0
103,199,0.0
103,205,0.0
103,211,0.0
103,217,0.0
103,223,0.0
103,229,0.0
103,235,0.0
103,241,0.0
103,247,0.0
103,253,0.0
103,259,0.0
103,265,0.0
103,271,0.0
103,277,0.0
103,283,0.0
103,289,0.0
103,295,0.0
103,301,0.0
103,307,0.0
103,313,0.0
103,319,0.0
103,325,0.0
103,331,0.0
103,337,0.0
103,343,0.0
103,349,0.0
103,355,0.0
103,361,0.0
103,367,0.0
103,373,0.0
103,379,0.0
103,385,0.0
103,391,0.0
103,397,0.0
109,1,0.0
109,7,0.0
109,13,0.0
109,19,0.0
109,25,0.0
109,31,0.0
109,37,0.0
109,43,0.0
109,49,0.0
109,55,0.0
109,61,0.0
109,67,0.0
109,73,0.0
109,79,0.0
109,85,0.0
109,91,0.0
109,97,0.0
109,103,0.0
109,115,0.0
109,121,0.0
109,127,0.0
109,133,0.0
109,139,0.0
109,145,0.0
109,151,0.0
109,157,0.0
109,163,0.0
109,169,0.3
109,175,0.0
109,181,0.0
109,187,0.0
109,193,0.0
109,199,0.0
109,205,0.0
109,211,0.0
109,217,0.0
109,223,0.0
109,229,0.0
109,235,0.0
109,241,0.0
109,247,0.0
109,253,0.0
109,259,0.0
109,265,0.0
109,271,0.4
109,277,0.0
109,283,0.0
109,289,0.0
109,295,0.0
109,301,0.0
109,307,0.0
109,313,0.0
109,319,0.0
109,325,0.0
109,331,0.0
109,337,0.0
109,343,0.0
109,349,0.0
109,355,0.0
109,361,0.0
109,367,0.0
109,373,0.0
109,379,0.0
109,385,0.0
109,391,0.0
109,397,0.0
115,1,0.0
115,7,0.0
115,13,0.0
115,19,0.0
115,25,0.0
115,31,0.0
115,37,0.0
115,43,0.0
115,49,0.0
115,55,0.0
115,61,0.0
115,67,0.0
115,73,0.0
115,79,0.0
115,85,0.0
115,91,0.0
115,97,0.0
115,103,0.0
115,109,0.0
115,121,0.0
115,127,0.0
115,133,0.0
115,139,0.0
115,145,0.0
115,151,0.0
115,157,0.0
115,163,0.0
115,169,0.0
115,175,0.0
115,181,0.0
115,187,0.0
115,193,0.0
115,199,0.0
115,205,0.0
115,211,0.0
115,217,0.0
115,223,0.0
115,229,0.0
115,235,0.0
115,241,0.0
115,247,0.0
115,253,0.0
115,259,0.0
115,265,0.0
115,271,0.0
115,277,0.0
115,283,0.0
115,289,0.0
115,295,0.0
115,301,0.0
115,307,0.0
115,313,0.0
115,319,0.0
115,325,0.0
115,331,0.0
115,337,0.0
115,343,0.0
115,349,0.0
115,355,0.0
115,361,0.0
115,367,0.0
115,373,0.0
115,379,0.0
115,385,0.0
115,391,0.0
115,397,0.0
121,1,0.0
121,7,0.0
121,13,0.0
121,19,0.0
121,25,0.0
121,31,0.0
121,37,0.0
121,43,0.0
121,49,0.0
121,55,0.0
121,61,0.0
121,67,0.0
121,73,0.0
121,79,0.0
121,85,0.0
121,91,0.0
121,97,0.0
121,103,0.0
121,109,0.0
121,115,0.0
121,127,0.0
121,133,0.0
121,139,0.0
121,145,0.0
121,151,0.0
121,157,0.0
121,163,0.0
121,169,0.0
121,175,0.0
121,181,0.0
121,187,0.0
121,193,0.0
121,199,0.0
121,205,0.0
121,211,0.0
121,217,0.0
121,223,0.0
121,229,0.0
121,235,0.0
121,241,0.0
121,247,0.0
121,253,0.0
121,259,0.0
121,265,0.0
121,271,0.4
121,277,0.0
121,283,0.0
121,289,0.0
121,295,0.0
121,301,0.0
121,307,0.0
121,313,0.0
121,319,0.0
121,325,0.0
121,331,0.0
121,337,0.0
121,343,0.0
121,349,0.0
121,355,0.0
121,361,0.0
121,367,0.0
121,373,0.0
121,379,0.0
121,385,0.0
121,391,0.0
121,397,0.0
127,1,0.0
127,7,0.0
127,13,0.0
127,19,0.0
127,25,0.0
127,31,0.0
127,37,0.0
127,43,0.0
127,49,0.0
127,55,0.0
127,61,0.0
127,67,0.0
127,73,0.0
127,79,0.0
127,85,0.0
127,91,0.0
127,97,0.0
127,103,0.0
127,109,0.0
127,115,0.0
127,121,0.0
127,133,0.0
127,139,0.0
127,145,0.0
127,151,0.0
127,157,0.0
127,163,0.0
127,169,0.0
127,175,0.0
127,181,0.0
127,187,0.0
127,193,0.0
127,199,0.0
127,205,0.0
127,211,0.0
127,217,0.0
127,223,0.0
127,229,0.0
127,235,0.0
127,241,0.0
127,247,0.0
127,253,0.0
127,259,0.0
127,265,0.0
127,271,0.0
127,277,0.0
127,283,0.0
127,289,0.0
127,295,0.0
127,301,0.0
127,307,0.0
127,313,0.0
127,319,0.0
127,325,0.0
127,331,0.0
127,337,0.0
127,343,0.0
127,349,0.0
127,355,0.0
127,361,0.0
127,367,0.0
127,373,0.0
127,379,0.0
127,385,0.0
127,391,0.0
127,397,0.0
133,1,0.0
133,7,0.0
133,13,0.0
133,19,0.0
133,25,0.0
133,31,0.0
133,37,0.0
133,43,0.0
133,49,0.0
133,55,0.0
133,61,0.0
133,67,0.0
133,73,0.0
133,79,0.0
133,85,0.0
133,91,0.0
133,97,0.0
133,103,0.0
133,109,0.0
133,115,0.0
133,121,0.0
133,127,0.0
133,139,0.0
133,145,0.0
133,151,0.0
133,157,0.0
133,163,0.0
133,169,0.0
133,175,0.0
133,181,0.0
133,187,0.0
133,193,0.0
133,199,0.0
133,205,0.0
133,211,0.0
133,217,0.0
133,223,0.0
133,229,0.0
133,235,0.0
133,241,0.0
133,247,0.0
133,253,0.0
133,259,0.0
133,265,0.0
133,271,0.0
133,277,0.0
133,283,0.0
133,289,0.0
133,295,0.0
133,301,0.0
133,307,0.0
133,313,0.0
133,319,0.0
133,325,0.0
133,331,0.0
133,337,0.0
133,343,0.0
133,349,0.0
133,355,0.0
133,361,0.0
133,367,0.0
133,373,0.0
133,379,0.0
133,385,0.0
133,391,0.0
133,397,0.0
139,1,0.0
139,7,0.0
139,13,0.0
139,19,0.0
139,25,0.0
139,31,0.0
139,37,0.0
139,43,0.0
139,49,0.0
139,55,0.0
139,61,0.0
139,67,0.0
139,73,0.0
139,79,0.0
139,85,0.0
139,91,0.0
139,97,0.0
139,103,0.0
139,109,0.0
139,115,0.0
139,121,0.0
139,127,0.0
139,133,0.0
139,145,0.0
139,151,0.0
139,157,0.0
139,163,0.0
139,169,0.0
139,175,0.0
139,181,0.0
139,187,0.0
139,193,0.0
139,199,0.0
139,205,0.0
139,211,0.0
139,217,0.0
139,223,0.0
139,229,0.0
139,235,0.0
139,241,0.0
139,247,0.0
139,253,0.0
139,259,0.0
139,265,0.0
139,271,0.0
139,277,0.0
139,283,0.0
139,289,0.0
139,295,0.0
139,301,0.0
139,307,0.0
139,313,0.0
139,319,0.0
139,325,0.0
139,331,0.0
139,337,0.0
139,343,0.0
139,349,0.0
139,355,0.0
139,361,0.0
139,367,0.0
139,373,0.0
139,379,0.0
139,385,0.0
139,391,0.0
139,397,0.0
145,1,0.0
145,7,0.0
145,13,0.0
145,19,0.0
145,25,0.0
145,31,0.0
145,37,0.0
145,43,0.0
145,49,0.0
145,55,0.0
145,61,0.0
145,67,0.0
145,73,0.0
145,79,0.0
145,85,0.0
145,91,0.0
145,97,0.0
145,103,0.0
145,109,0.0
145,115,0.0
145,121,0.0
145,127,0.0
145,133,0.0
145,139,0.0
145,151,0.0
145,157,0.0
145,163,0.0
145,169,0.0
145,175,0.0
145,181,0.0
145,187,0.0
145,193,0.0
145,199,0.0
145,205,0.0
145,211,0.0
145,217,0.0
145,223,0.0
145,229,0.0
145,235,0.0
145,241,0.0
145,247,0.0
145,253,0.0
145,259,0.0
145,265,0.0
145,271,0.0
145,277,0.0
145,283,0.0
145,289,0.0
145,295,0.0
145,301,0.0
145,307,0.0
145,313,0.0
145,319,0.0
145,325,0.0
145,331,0.0
145,337,0.0
145,343,0.0
145,349,0.0
145,355,0.0
145,361,0.0
145,367,0.0
145,373,0.0
145,379,0.0
145,385,0.0
145,391,0.0
145,397,0.0
151,1,0.0
151,7,0.0
151,13,0.0
151,19,0.0
151,25,0.0
151,31,0.0
151,37,0.0
151,43,0.0
151,49,0.0
151,55,0.0
151,61,0.0
151,67,0.0
151,73,0.0
151,79,0.0
151,85,0.0
151,91,0.0
151,97,0.0
151,103,0.0
151,109,0.0
151,115,0.0
151,121,0.0
151,127,0.0
151,133,0.0
151,139,0.0
151,145,0.0
151,157,0.0
151,163,0.0
151,169,0.0
151,175,0.0
151,181,0.0
151,187,0.0
151,193,0.0
151,199,0.0
151,205,0.0
151,211,0.0
151,217,0.0
151,223,0.0
151,229,0.0
151,235,0.0
151,241,0.0
151,247,0.0
151,253,0.0
151,259,0.0
151,265,0.0
151,271,0.4
151,277,0.0
151,283,0.0
151,289,0.0
151,295,0.0
151,301,0.0
151,307,0.0
151,313,0.0
151,319,0.0
151,325,0.0
151,331,0.0
151,337,0.0
151,343,0.0
151,349,0.0
151,355,0.0
151,361,0.0
151,367,0.0
151,373,0.0
151,379,0.0
151,385,0.0
151,391,0.0
151,397,0.0
157,1,0.0
157,7,0.0
157,13,0.0
157,19,0.0
157,25,0.0
157,31,0.0
157,37,0.0
157,43,0.0
157,49,0.0
157,55,0.0
157,61,0.0
157,67,0.0
157,73,0.0
157,79,0.0
157,85,0.0
157,91,0.0
157,97,0.0
157,103,0.0
157,109,0.0
157,115,0.0
157,121,0.0
157,127,0.0
157,133,0.0
157,139,0.0
157,145,0.0
157,151,0.0
157,163,0.0
157,169,0.0
157,175,0.0
157,181,0.0
157,187,0.0
157,193,0.0
157,199,0.0
157,205,0.0
157,211,7.9
157,217,0.0
157,223,0.0
157,229,0.0
157,235,0.0
157,241,0.0
157,247,0.0
157,253,0.0
157,259,0.0
157,265,0.0
157,271,0.0
157,277,0.0
157,283,0.0
157,289,0.0
157,295,0.0
157,301,0.0
157,307,0.0
157,313,0.0
157,319,0.0
157,325,0.0
157,331,0.0
157,337,0.0
157,343,0.0
157,349,0.0
157,355,0.0
157,361,0.0
157,367,0.0
157,373,0.0
157,379,0.0
157,385,0.0
157,391,0.0
157,397,0.0
163,1,0.0
163,7,0.0
163,13,0.0
163,19,0.0
163,25,0.0
163,31,0.0
163,37,0.0
163,43,0.0
163,49,0.0
163,55,0.0
163,61,0.0
163,67,0.0
163,73,0.0
163,79,0.0
163,85,0.0
163,91,0.0
163,97,0.0
163,103,0.0
163,109,0.0
163,115,0.0
163,121,0.0
163,127,0.0
163,133,0.0
163,139,0.0
163,145,0.0
163,151,0.0
163,157,0.0
163,169,0.0
163,175,0.0
163,181,0.0
163,187,0.0
163,193,0.0
163,199,0.0
163,205,0.0
163,211,0.0
163,217,0.0
163,223,0.0
163,229,0.0
163,235,0.0
163,241,0.0
163,247,0.0
163,253,0.0
163,259,0.0
163,265,0.0
163,271,0.0
163,277,0.0
163,283,0.0
163,289,0.0
163,295,0.0
163,301,0.0
163,307,0.0
163,313,0.0
163,319,0.0
163,325,0.0
163,331,0.0
163,337,0.0
163,343,0.0
163,349,0.0
163,355,0.0
163,361,0.0
163,367,0.0
163,373,0.0
163,379,0.0
163,385,0.0
163,391,0.0
163,397,0.0
169,1,0.0
169,7,0.0
169,13,0.0
169,19,0.0
169,25,0.3
169,31,0.0
169,37,0.0
169,43,0.0
169,49,0.0
169,55,0.0
169,61,0.0
169,67,0.0
169,73,0.0
169,79,0.0
169,85,0.0
169,91,0.0
169,97,0.0
169,103,0.0
169,109,0.3
169,115,0.0
169,121,0.0
169,127,0.0
169,133,0.0
169,139,0.0
169,145,0.0
169,151,0.0
169,157,0.0
169,163,0.0
169,175,0.0
169,181,0.0
169,187,0.0
169,193,0.0
169,199,0.0
169,205,0.0
169,211,0.0
169,217,0.0
169,223,0.3
169,229,0.0
169,235,0.0
169,241,0.0
169,247,0.0
169,253,0.0
169,259,0.0
169,265,0.0
169,271,0.0
169,277,0.0
169,283,0.0
169,289,0.0
169,295,0.0
169,301,0.0
169,307,0.0
169,313,0.0
169,319,0.0
169,325,0.0
169,331,0.0
169,337,0.0
169,343,0.0
169,349,0.0
169,355,0.0
169,361,0.0
169,367,0.0
169,373,0.0
169,379,0.0
169,385,0.0
169,391,0.0
169,397,0.0
175,1,0.0
175,7,0.0
175,13,0.0
175,19,0.0
175,25,0.0
175,31,0.0
175,37,0.0
175,43,0.0
175,49,0.0
175,55,0.0
175,61,0.0
175,67,0.0
175,73,0.0
175,79,0.0
175,85,0.0
175,91,0.0
175,97,0.0
175,103,0.0
175,109,0.0
175,115,0.0
175,121,0.0
175,127,0.0
175,133,0.0
175,139,0.0
175,145,0.0
175,151,0.0
175,157,0.0
175,163,0.0
175,169,0.0
175,181,0.0
175,187,0.0
175,193,0.0
175,199,0.0
175,205,0.0
175,211,0.0
175,217,0.0
175,223,0.0
175,229,0.0
175,235,0.0
175,241,0.0
175,247,0.0
175,253,0.0
175,259,0.0
175,265,0.0
175,271,0.0
175,277,0.0
175,283,0.0
175,289,0.0
175,295,0.0
175,301,0.0
175,307,0.0
175,313,0.0
175,319,0.0
175,325,0.0
175,331,0.0
175,337,0.0
175,343,0.0
175,349,0.0
175,355,0.0
175,361,0.0
175,367,0.0
175,373,0.0
175,379,0.0
175,385,0.0
175,391,0.0
175,397,0.0
181,1,0.0
181,7,0.0
181,13,0.0
181,19,0.0
181,25,0.0
181,31,0.0
181,37,0.0
181,43,0.0
181,49,0.0
181,55,0.0
181,61,0.0
181,67,0.0
181,73,0.0
181,79,0.0
181,85,0.0
181,91,0.0
181,97,0.0
181,103,0.0
181,109,0.0
181,115,0.0
181,121,0.0
181,127,0.0
181,133,0.0
181,139,0.0
181,145,0.0
181,151,0.0
181,157,0.0
181,163,0.0
181,169,0.0
181,175,0.0
181,187,0.0
181,193,0.0
181,199,0.0
181,205,0.0
181,211,0.0
181,217,0.0
181,223,0.0
181,229,0.0
181,235,0.0
181,241,0.0
181,247,0.0
181,253,0.0
181,259,0.0
181,265,0.0
181,271,0.4
181,277,0.0
181,283,0.0
181,289,0.0
181,295,0.0
181,301,0.0
181,307,0.0
181,313,0.0
181,319,0.0
181,325,0.0
181,331,0.0
181,337,0.0
181,343,0.0
181,349,0.0
181,355,0.0
181,361,0.0
181,367,0.0
181,373,0.0
181,379,0.0
181,385,0.0
181,391,0.0
181,397,0.0
187,1,0.0
187,7,0.0
187,13,0.0
187,19,0.0
187,25,0.0
187,31,0.0
187,37,0.0
187,43,0.0
187,49,0.0
187,55,0.0
187,61,0.0
187,67,0.0
187,73,0.0
187,79,0.0
187,85,0.0
187,91,0.0
187,97,0.0
187,103,0.0
187,109,0.0
187,115,0.0
187,121,0.0
187,127,0.0
187,133,0.0
187,139,0.0
187,145,0.0
187,151,0.0
187,157,0.0
187,163,0.0
187,169,0.0
187,175,0.0
187,181,0.0
187,193,0.0
187,199,0.0
187,205,0.0
187,211,0.0
187,217,0.0
187,223,0.0
187,229,0.0
187,235,0.0
187,241,0.0
187,247,0.0
187,253,0.0
187,259,0.0
187,265,0.0
187,271,0.0
187,277,0.0
187,283,0.0
187,289,0.0
187,295,0.0
187,301,0.0
187,307,0.0
187,313,0.0
187,319,0.0
187,325,0.0
187,331,0.0
187,337,0.0
187,343,0.0
187,349,0.0
187,355,0.0
187,361,0.0
187,367,0.0
187,373,0.0
187,379,0.0
187,385,0.0
187,391,0.0
187,397,0.0
193,1,0.0
193,7,0.0
193,13,0.0
193,19,0.0
193,25,0.0
193,31,0.0
193,37,0.0
193,43,0.0
193,49,0.0
193,55,0.0
193,61,0.0
193,67,0.0
193,73,0.0
193,79,0.0
193,85,0.0
193,91,0.0
193,97,0.0
193,103,0.0
193,109,0.0
193,115,0.0
193,121,0.0
193,127,0.0
193,133,0.0
193,139,0.0
193,145,0.0
193,151,0.0
193,157,0.0
193,163,0.0
193,169,0.0
193,175,0.0
193,181,0.0
193,187,0.0
193,199,0.0
193,205,0.0
193,211,0.0
193,217,0.0
193,223,0.0
193,229,0.0
193,235,0.0
193,241,0.0
193,247,0.0
193,253,0.0
193,259,0.0
193,265,0.0
193,271,0.0
193,277,0.0
193,283,0.0
193,289,0.0
193,295,0.0
193,301,0.0
193,307,0.0
193,313,0.0
193,319,0.0
193,325,0.0
193,331,0.0
193,337,0.0
193,343,0.0
193,349,0.0
193,355,0.0
193,361,0.0
193,367,0.0
193,373,0.0
193,379,0.0
193,385,0.0
193,391,0.0
193,397,0.0
199,1,0.0
199,7,0.0
199,13,0.0
199,19,0.0
199,25,0.0
199,31,0.0
199,37,0.0
199,43,0.0
199,49,0.0
199,55,0.0
199,61,0.0
199,67,0.0
199,73,0.0
199,79,0.0
199,85,0.0
199,91,0.0
199,97,0.0
199,103,0.0
199,109,0.0
199,115,0.0
199,121,0.0
199,127,0.0
199,133,0.0
199,139,0.0
199,145,0.0
199,151,0.0
199,157,0.0
199,163,0.0
199,169,0.0
199,175,0.0
199,181,0.0
199,187,0.0
199,193,0.0
199,205,0.0
199,211,0.0
199,217,0.0
199,223,0.0
199,229,0.0
199,235,0.0
199,241,0.0
199,247,0.0
199,253,0.0
199,259,0.0
199,265,0.0
199,271,0.0
199,277,0.0
199,283,0.0
199,289,0.0
199,295,0.0
199,301,0.0
199,307,0.0
199,313,0.0
199,319,0.0
199,325,0.0
199,331,0.0
199,337,0.0
199,343,0.0
199,349,0.0
199,355,0.0
199,361,0.0
199,367,0.0
199,373,0.0
199,379,0.0
199,385,0.0
199,391,0.0
199,397,0.0
205,1,0.0
205,7,0.0
205,13,0.0
205,19,0.0
205,25,0.0
205,31,0.0
205,37,0.0
205,43,0.0
205,49,0.0
205,55,0.0
205,61,0.0
205,67,0.0
205,73,0.0
205,79,0.0
205,85,0.0
205,91,0.0
205,97,0.0
205,103,0.0
205,109,0.0
205,115,0.0
205,121,0.0
205,127,0.0
205,133,0.0
205,139,0.0
205,145,0.0
205,151,0.0
205,157,0.0
205,163,0.0
205,169,0.0
205,175,0.0
205,181,0.0
205,187,0.0
205,193,0.0
205,199,0.0
205,211,0.0
205,217,0.0
205,223,0.0
205,229,0.0
205,235,0.0
205,241,0.0
205,247,0.0
205,253,0.1
205,259,0.0
205,265,0.0
205,271,0.4
205,277,0.0
205,283,0.0
205,289,0.0
205,295,0.0
205,301,0.0
205,307,0.0
205,313,0.0
205,319,0.0
205,325,0.0
205,331,0.0
205,337,0.0
205,343,0.0
205,349,0.0
205,355,0.0
205,361,0.0
205,367,0.0
205,373,0.0
205,379,0.0
205,385,0.0
205,391,0.0
205,397,0.0
211,1,0.0
211,7,0.0
211,13,0.0
211,19,0.0
211,25,0.0
211,31,7.9
211,37,0.0
211,43,0.0
211,49,0.0
211,55,0.0
211,61,0.0
211,67,0.0
211,73,0.0
211,79,0.0
211,85,0.0
211,91,0.0
211,97,0.0
211,103,0.0
211,109,0.0
211,115,0.0
211,121,0.0
211,127,0.0
211,133,0.0
211,139,0.0
211,145,0.0
211,151,0.0
211,157,7.9
211,163,0.0
211,169,0.0
211,175,0.0
211,181,0.0
211,187,0.0
211,193,0.0
211,199,0.0
211,205,0.0
211,217,0.0
211,223,0.0
211,229,0.0
211,235,0.0
211,241,0.0
211,247,0.0
211,253,7.9
211,259,0.0
211,265,0.0
211,271,0.0
211,277,0.0
211,283,0.0
211,289,0.0
211,295,0.0
211,301,0.0
211,307,0.0
211,313,0.0
211,319,0.0
211,325,0.0
211,331,0.0
211,337,0.0
211,343,0.0
211,349,0.0
211,355,0.0
211,361,7.9
211,367,0.0
211,373,0.0
211,379,0.0
211,385,0.0
211,391,0.0
211,397,0.0
217,1,0.0
217,7,0.0
217,13,0.0
217,19,0.0
217,25,0.0
217,31,0.0
217,37,0.0
217,43,0.0
217,49,0.0
217,55,0.0
217,61,0.0
217,67,0.0
217,73,0.0
217,79,0.0
217,85,0.0
217,91,0.0
217,97,0.0
217,103,0.0
217,109,0.0
217,115,0.0
217,121,0.0
217,127,0.0
217,133,0.0
217,139,0.0
217,145,0.0
217,151,0.0
217,157,0.0
217,163,0.0
217,169,0.0
217,175,0.0
217,181,0.0
217,187,0.0
217,193,0.0
217,199,0.0
217,205,0.0
217,211,0.0
217,223,0.0
217,229,0.0
217,235,0.0
217,241,0.0
217,247,0.0
217,253,0.0
217,259,0.0
217,265,0.0
217,271,0.0
217,277,0.0
217,283,0.0
217,289,0.0
217,295,0.0
217,301,0.0
217,307,0.0
217,313,0.0
217,319,0.0
217,325,0.0
217,331,0.0
217,337,0.0
217,343,0.0
217,349,0.0
217,355,0.0
217,361,0.0
217,367,0.0
217,373,0.0
217,379,0.0
217,385,0.0
217,391,0.0
217,397,0.0
223,1,0.0
223,7,0.0
223,13,0.0
223,19,0.0
223,25,0.0
223,31,0.0
223,37,0.0
223,43,0.0
223,49,0.0
223,55,0.0
223,61,0.0
223,67,0.0
223,73,0.0
223,79,0.0
223,85,0.0
223,91,0.0
223,97,0.0
223,103,0.0
223,109,0.0
223,115,0.0
223,121,0.0
223,127,0.0
223,133,0.0
223,139,0.0
223,145,0.0
223,151,0.0
223,157,0.0
223,163,0.0
223,169,0.3
223,175,0.0
223,181,0.0
223,187,0.0
223,193,0.0
223,199,0.0
223,205,0.0
223,211,0.0
223,217,0.0
223,229,0.0
223,235,0.0
223,241,0.0
223,247,0.0
223,253,0.0
223,259,0.0
223,265,0.0
223,271,0.0
223,277,0.0
223,283,0.0
223,289,0.0
223,295,0.0
223,301,0.0
223,307,0.0
223,313,0.0
223,319,0.0
223,325,0.0
223,331,0.0
223,337,0.0
223,343,0.0
223,349,0.0
223,355,0.0
223,361,0.0
223,367,0.0
223,373,0.0
223,379,0.0
223,385,0.0
223,391,0.0
223,397,0.0
229,1,0.0
229,7,0.0
229,13,0.0
229,19,0.0
229,25,0.0
229,31,0.0
229,37,0.0
229,43,0.0
229,49,0.0
229,55,0.0
229,61,0.0
229,67,0.0
229,73,0.0
229,79,0.0
229,85,0.0
229,91,0.0
229,97,0.0
229,103,0.0
229,109,0.0
229,115,0.0
229,121,0.0
229,127,0.0
229,133,0.0
229,139,0.0
229,145,0.0
229,151,0.0
229,157,0.0
229,163,0.0
229,169,0.0
229,175,0.0
229,181,0.0
229,187,0.0
229,193,0.0
229,199,0.0
229,205,0.0
229,211,0.0
229,217,0.0
229,223,0.0
229,235,0.0
229,241,0.0
229,247,0.0
229,253,3.4
229,259,0.0
229,265,0.0
229,271,0.0
229,277,0.0
229,283,0.0
229,289,0.0
229,295,0.0
229,301,0.0
229,307,0.0
229,313,3.4
229,319,0.0
229,325,0.0
229,331,3.4
229,337,0.0
229,343,0.0
229,349,0.0
229,355,0.0
229,361,0.0
229,367,0.0
229,373,0.0
229,379,0.0
229,385,0.0
229,391,0.0
229,397,0.0
235,1,0.0
235,7,0.0
235,13,0.0
235,19,0.0
235,25,0.0
235,31,0.0
235,37,0.0
235,43,0.0
235,49,0.0
235,55,0.0
235,61,0.0
235,67,0.0
235,73,0.0
235,79,0.0
235,85,0.0
235,91,0.0
235,97,0.0
235,103,0.0
235,109,0.0
235,115,0.0
235,121,0.0
235,127,0.0
235,133,0.0
235,139,0.0
235,145,0.0
235,151,0.0
235,157,0.0
235,163,0.0
235,169,0.0
235,175,0.0
235,181,0.0
235,187,0.0
235,193,0.0
235,199,0.0
235,205,0.0
235,211,0.0
235,217,0.0
235,223,0.0
235,229,0.0
235,241,0.0
235,247,0.0
235,253,0.0
235,259,0.0
235,265,0.0
235,271,0.0
235,277,0.0
235,283,0.0
235,289,0.0
235,295,0.0
235,301,0.0
235,307,0.0
235,313,0.0
235,319,0.0
235,325,0.0
235,331,0.0
235,337,0.0
235,343,0.0
235,349,0.0
235,355,0.0
235,361,0.0
235,367,0.0
235,373,0.0
235,379,0.0
235,385,0.0
235,391,0.0
235,397,0.0
241,1,0.0
241,7,0.0
241,13,0.0
241,19,0.0
241,25,0.0
241,31,0.0
241,37,0.0
241,43,0.0
241,49,0.0
241,55,0.0
241,61,0.0
241,67,0.0
241,73,0.0
241,79,0.0
241,85,0.0
241,91,0.0
241,97,0.0
241,103,0.0
241,109,0.0
241,115,0.0
241,121,0.0
241,127,0.0
241,133,0.0
241,139,0.0
241,145,0.0
241,151,0.0
241,157,0.0
241,163,0.0
241,169,0.0
241,175,0.0
241,181,0.0
241,187,0.0
241,193,0.0
241,199,0.0
241,205,0.0
241,211,0.0
241,217,0.0
241,223,0.0
241,229,0.0
241,235,0.0
241,247,0.0
241,253,0.1
241,259,0.0
241,265,0.0
241,271,0.4
241,277,0.0
241,283,0.0
241,289,0.0
241,295,0.0
241,301,0.0
241,307,0.0
241,313,0.0
241,319,0.0
241,325,0.0
241,331,0.0
241,337,0.0
241,343,0.0
241,349,0.0
241,355,0.0
241,361,0.0
241,367,0.0
241,373,0.0
241,379,0.0
241,385,0.0
241,391,0.0
241,397,0.0
247,1,0.0
247,7,0.0
247,13,0.0
247,19,0.0
247,25,0.0
247,31,0.0
247,37,0.0
247,43,0.0
247,49,0.0
247,55,0.0
247,61,0.0
247,67,0.0
247,73,0.0
247,79,0.0
247,85,0.0
247,91,0.0
247,97,0.0
247,103,0.0
247,109,0.0
247,115,0.0
247,121,0.0
247,127,0.0
247,133,0.0
247,139,0.0
247,145,0.0
247,151,0.0
247,157,0.0
247,163,0.0
247,169,0.0
247,175,0.0
247,181,0.0
247,187,0.0
247,193,0.0
247,199,0.0
247,205,0.0
247,211,0.0
247,217,0.0
247,223,0.0
247,229,0.0
247,235,0.0
247,241,0.0
247,253,0.0
247,259,0.0
247,265,0.0
247,271,0.0
247,277,0.0
247,283,0.0
247,289,0.0
247,295,0.0
247,301,0.0
247,307,0.0
247,313,0.0
247,319,0.0
247,325,0.0
247,331,0.0
247,337,0.0
247,343,0.0
247,349,0.0
247,355,0.0
247,361,0.0
247,367,0.0
247,373,0.0
247,379,0.0
247,385,0.0
247,391,0.0
247,397,0.0
253,1,0.0
253,7,0.0
253,13,0.0
253,19,0.0
253,25,0.0
253,31,0.0
253,37,0.0
253,43,0.0
253,49,0.0
253,55,0.0
253,61,0.0
253,67,0.0
253,73,0.0
253,79,0.0
253,85,0.0
253,91,0.0
253,97,0.0
253,103,0.0
253,109,0.0
253,115,0.0
253,121,0.0
253,127,0.0
253,133,0.0
253,139,0.0
253,145,0.0
253,151,0.0
253,157,0.0
253,163,0.0
253,169,0.0
253,175,0.0
253,181,0.0
253,187,0.0
253,193,0.0
253,199,0.0
253,205,0.1
253,211,7.9
253,217,0.0
253,223,0.0
253,229,3.4
253,235,0.0
253,241,0.1
253,247,0.0
253,259,0.0
253,265,0.0
253,271,0.0
253,277,0.0
253,283,0.0
253,289,0.0
253,295,0.0
253,301,0.1
253,307,0.0
253,313,0.0
253,319,0.0
253,325,0.0
253,331,0.0
253,337,0.0
253,343,0.0
253,349,0.1
253,355,0.0
253,361,0.0
253,367,0.0
253,373,0.0
253,379,0.0
253,385,0.0
253,391,0.0
253,397,0.0
259,1,0.0
259,7,0.0
259,13,0.0
259,19,0.0
259,25,0.0
259,31,0.0
259,37,0.0
259,43,0.0
259,49,0.0
259,55,0.0
259,61,0.0
259,67,0.0
259,73,0.0
259,79,0.0
259,85,0.0
259,91,0.0
259,97,0.0
259,103,0.0
259,109,0.0
259,115,0.0
259,121,0.0
259,127,0.0
259,133,0.0
259,139,0.0
259,145,0.0
259,151,0.0
259,157,0.0
259,163,0.0
259,169,0.0
259,175,0.0
259,181,0.0
259,187,0.0
259,193,0.0
259,199,0.0
259,205,0.0
259,211,0.0
259,217,0.0
259,223,0.0
259,229,0.0
259,235,0.0
259,241,0.0
259,247,0.0
259,253,0.0
259,265,0.0
259,271,0.0
259,277,0.0
259,283,0.0
259,289,0.0
259,295,0.0
259,301,0.0
259,307,0.0
259,313,0.0
259,319,0.0
259,325,0.0
259,331,0.0
259,337,0.0
259,343,0.0
259,349,0.0
259,355,0.0
259,361,0.0
259,367,0.0
259,373,0.0
259,379,0.0
259,385,0.0
259,391,0.0
259,397,0.0
265,1,0.0
265,7,0.0
265,13,0.0
265,19,0.0
265,25,0.0
265,31,0.0
265,37,0.0
265,43,0.0
265,49,0.0
265,55,0.0
265,61,0.0
265,67,0.0
265,73,0.0
265,79,0.0
265,85,0.0
265,91,0.0
265,97,0.0
265,103,0.0
265,109,0.0
265,115,0.0
265,121,0.0
265,127,0.0
265,133,0.0
265,139,0.0
265,145,0.0
265,151,0.0
265,157,0.0
265,163,0.0
265,169,0.0
265,175,0.0
265,181,0.0
265,187,0.0
265,193,0.0
265,199,0.0
265,205,0.0
265,211,0.0
265,217,0.0
265,223,0.0
265,229,0.0
265,235,0.0
265,241,0.0
265,247,0.0
265,253,0.0
265,259,0.0
265,271,0.0
265,277,0.0
265,283,0.0
265,289,0.0
265,295,0.0
265,301,0.0
265,307,0.0
265,313,0.0
265,319,0.0
265,325,0.0
265,331,0.0
265,337,0.0
265,343,0.0
265,349,0.0
265,355,0.0
265,361,0.0
265,367,0.0
265,373,0.0
265,379,0.0
265,385,0.0
265,391,0.0
265,397,0.0
271,1,0.0
271,7,0.0
271,13,0.0
271,19,0.0
271,25,0.0
271,31,0.0
271,37,0.0
271,43,0.0
271,49,0.0
271,55,0.0
271,61,0.0
271,67,0.0
271,73,0.0
271,79,0.0
271,85,0.4
271,91,0.4
271,97,0.0
271,103,0.0
271,109,0.4
271,115,0.0
271,121,0.4
271,127,0.0
271,133,0.0
271,139,0.0
271,145,0.0
271,151,0.4
271,157,0.0
271,163,0.0
271,169,0.0
271,175,0.0
271,181,0.4
271,187,0.0
271,193,0.0
271,199,0.0
271,205,0.4
271,211,0.0
271,217,0.0
271,223,0.0
271,229,0.0
271,235,0.0
271,241,0.4
271,247,0.0
271,253,0.0
271,259,0.0
271,265,0.0
271,277,0.0
271,283,0.0
271,289,0.0
271,295,0.0
271,301,0.0
271,307,0.0
271,313,0.0
271,319,0.0
271,325,0.0
271,331,0.0
271,337,0.0
271,343,0.0
271,349,0.0
271,355,0.0
271,361,0.0
271,367,0.0
271,373,0.4
271,379,0.0
271,385,0.0
271,391,0.0
271,397,0.0
277,1,0.0
277,7,0.0
277,13,0.0
277,19,0.0
277,25,0.0
277,31,0.0
277,37,0.0
277,43,0.0
277,49,0.0
277,55,0.0
277,61,0.0
277,67,0.0
277,73,0.0
277,79,0.0
277,85,0.0
277,91,0.0
277,97,0.0
277,103,0.0
277,109,0.0
277,115,0.0
277,121,0.0
277,127,0.0
277,133,0.0
277,139,0.0
277,145,0.0
277,151,0.0
277,157,0.0
277,163,0.0
277,169,0.0
277,175,0.0
277,181,0.0
277,187,0.0
277,193,0.0
277,199,0.0
277,205,0.0
277,211,0.0
277,217,0.0
277,223,0.0
277,229,0.0
277,235,0.0
277,241,0.0
277,247,0.0
277,253,0.0
277,259,0.0
277,265,0.0
277,271,0.0
277,283,0.0
277,289,0.0
277,295,0.0
277,301,0.0
277,307,0.0
277,313,0.0
277,319,0.0
277,325,0.0
277,331,0.0
277,337,0.0
277,343,0.0
277,349,0.0
277,355,0.0
277,361,0.0
277,367,0.0
277,373,0.0
277,379,0.0
277,385,0.0
277,391,0.0
277,397,0.0
283,1,0.0
283,7,0.0
283,13,0.0
283,19,0.0
283,25,0.0
283,31,0.0
283,37,0.0
283,43,0.0
283,49,0.0
283,55,0.0
283,61,0.0
283,67,0.0
283,73,0.0
283,79,0.0
283,85,0.0
283,91,0.0
283,97,0.0
283,103,0.0
283,109,0.0
283,115,0.0
283,121,0.0
283,127,0.0
283,133,0.0
283,139,0.0
283,145,0.0
283,151,0.0
283,157,0.0
283,163,0.0
283,169,0.0
283,175,0.0
283,181,0.0
283,187,0.0
283,193,0.0
283,199,0.0
283,205,0.0
283,211,0.0
283,217,0.0
283,223,0.0
283,229,0.0
283,235,0.0
283,241,0.0
283,247,0.0
283,253,0.0
283,259,0.0
283,265,0.0
283,271,0.0
283,277,0.0
283,289,0.0
283,295,0.0
283,301,0.0
283,307,0.0
283,313,0.0
283,319,0.0
283,325,0.0
283,331,0.0
283,337,0.0
283,343,0.0
283,349,0.0
283,355,0.0
283,361,0.0
283,367,0.0
283,373,0.0
283,379,0.0
283,385,0.0
283,391,0.0
283,397,0.0
289,1,0.0
289,7,0.0
289,13,0.0
289,19,0.0
289,25,0.0
289,31,0.0
289,37,0.0
289,43,0.0
289,49,0.0
289,55,0.0
289,61,0.0
289,67,0.0
289,73,0.0
289,79,0.0
289,85,0.0
289,91,0.0
289,97,0.0
289,103,0.0
289,109,0.0
289,115,0.0
289,121,0.0
289,127,0.0
289,133,0.0
289,139,0.0
289,145,0.0
289,151,0.0
289,157,0.0
289,163,0.0
289,169,0.0
289,175,0.0
289,181,0.0
289,187,0.0
289,193,0.0
289,199,0.0
289,205,0.0
289,211,0.0
289,217,0.0
289,223,0.0
289,229,0.0
289,235,0.0
289,241,0.0
289,247,0.0
289,253,0.0
289,259,0.0
289,265,0.0
289,271,0.0
289,277,0.0
289,283,0.0
289,295,0.0
289,301,0.0
289,307,0.0
289,313,0.0
289,319,0.0
289,325,0.0
289,331,0.0
289,337,0.0
289,343,0.0
289,349,0.0
289,355,0.0
289,361,0.0
289,367,0.0
289,373,0.0
289,379,0.0
289,385,0.0
289,391,0.0
289,397,0.0
295,1,0.0
295,7,0.0
295,13,0.0
295,19,0.0
295,25,0.0
295,31,0.0
295,37,0.0
295,43,0.0
295,49,0.0
295,55,0.0
295,61,0.0
295,67,0.0
295,73,0.0
295,79,0.0
295,85,0.0
295,91,0.0
295,97,0.0
295,103,0.0
295,109,0.0
295,115,0.0
295,121,0.0
295,127,0.0
295,133,0.0
295,139,0.0
295,145,0.0
295,151,0.0
295,157,0.0
295,163,0.0
295,169,0.0
295,175,0.0
295,181,0.0
295,187,0.0
295,193,0.0
295,199,0.0
295,205,0.0
295,211,0.0
295,217,0.0
295,223,0.0
295,229,0.0
295,235,0.0
295,241,0.0
295,247,0.0
295,253,0.0
295,259,0.0
295,265,0.0
295,271,0.0
295,277,0.0
295,283,0.0
295,289,0.0
295,301,0.0
295,307,0.0
295,313,0.0
295,319,0.0
295,325,0.0
295,331,0.0
295,337,0.0
295,343,0.0
295,349,0.0
295,355,0.0
295,361,0.0
295,367,0.0
295,373,0.0
295,379,0.0
295,385,0.0
295,391,0.0
295,397,0.0
301,1,0.0
301,7,0.0
301,13,0.0
301,19,0.0
301,25,0.0
301,31,0.0
301,37,0.0
301,43,0.0
301,49,0.0
301,55,0.0
301,61,0.0
301,67,0.0
301,73,0.0
301,79,0.0
301,85,0.0
301,91,0.0
301,97,0.0
301,103,0.0
301,109,0.0
301,115,0.0
301,121,0.0
301,127,0.0
301,133,0.0
301,139,0.0
301,145,0.0
301,151,0.0
301,157,0.0
301,163,0.0
301,169,0.0
301,175,0.0
301,181,0.0
301,187,0.0
301,193,0.0
301,199,0.0
301,205,0.0
301,211,0.0
301,217,0.0
301,223,0.0
301,229,0.0
301,235,0.0
301,241,0.0
301,247,0.0
301,253,0.1
301,259,0.0
301,265,0.0
301,271,0.0
301,277,0.0
301,283,0.0
301,289,0.0
301,295,0.0
301,307,0.0
301,313,0.0
301,319,0.0
301,325,0.0
301,331,0.0
301,337,0.0
301,343,0.0
301,349,0.0
301,355,0.0
301,361,0.0
301,367,0.0
301,373,0.0
301,379,0.0
301,385,0.0
301,391,0.0
301,397,0.0
307,1,0.0
307,7,0.0
307,13,0.0
307,19,0.0
307,25,0.0
307,31,0.0
307,37,0.0
307,43,0.0
307,49,0.0
307,55,0.0
307,61,0.0
307,67,0.0
307,73,0.0
307,79,0.0
307,85,0.0
307,91,0.0
307,97,0.0
307,103,0.0
307,109,0.0
307,115,0.0
307,121,0.0
307,127,0.0
307,133,0.0
307,139,0.0
307,145,0.0
307,151,0.0
307,157,0.0
307,163,0.0
307,169,0.0
307,175,0.0
307,181,0.0
307,187,0.0
307,193,0.0
307,199,0.0
307,205,0.0
307,211,0.0
307,217,0.0
307,223,0.0
307,229,0.0
307,235,0.0
307,241,0.0
307,247,0.0
307,253,0.0
307,259,0.0
307,265,0.0
307,271,0.0
307,277,0.0
307,283,0.0
307,289,0.0
307,295,0.0
307,301,0.0
307,313,0.0
307,319,0.0
307,325,0.0
307,331,0.0
307,337,0.0
307,343,0.0
307,349,0.0
307,355,0.0
307,361,0.0
307,367,0.0
307,373,0.0
307,379,0.0
307,385,0.0
307,391,0.0
307,397,0.0
313,1,0.0
313,7,0.0
313,13,0.0
313,19,0.0
313,25,0.0
313,31,0.0
313,37,0.0
313,43,0.0
313,49,0.0
313,55,0.0
313,61,0.0
313,67,0.0
313,73,0.0
313,79,0.0
313,85,0.0
313,91,0.0
313,97,0.0
313,103,0.0
313,109,0.0
313,115,0.0
313,121,0.0
313,127,0.0
313,133,0.0
313,139,0.0
313,145,0.0
313,151,0.0
313,157,0.0
313,163,0.0
313,169,0.0
313,175,0.0
313,181,0.0
313,187,0.0
313,193,0.0
313,199,0.0
313,205,0.0
313,211,0.0
313,217,0.0
313,223,0.0
313,229,3.4
313,235,0.0
313,241,0.0
313,247,0.0
313,253,0.0
313,259,0.0
313,265,0.0
313,271,0.0
313,277,0.0
313,283,0.0
313,289,0.0
313,295,0.0
313,301,0.0
313,307,0.0
313,319,0.0
313,325,0.0
313,331,0.0
313,337,0.0
313,343,0.0
313,349,0.0
313,355,0.0
313,361,0.0
313,367,0.0
313,373,0.0
313,379,0.0
313,385,0.0
313,391,0.0
313,397,0.0
319,1,0.0
319,7,0.0
319,13,0.0
319,19,0.0
319,25,0.0
319,31,0.0
319,37,0.0
319,43,0.0
319,49,0.0
319,55,0.0
319,61,0.0
319,67,0.0
319,73,0.0
319,79,0.0
319,85,0.0
319,91,0.0
319,97,0.0
319,103,0.0
319,109,0.0
319,115,0.0
319,121,0.0
319,127,0.0
319,133,0.0
319,139,0.0
319,145,0.0
319,151,0.0
319,157,0.0
319,163,0.0
319,169,0.0
319,175,0.0
319,181,0.0
319,187,0.0
319,193,0.0
319,199,0.0
319,205,0.0
319,211,0.0
319,217,0.0
319,223,0.0
319,229,0.0
319,235,0.0
319,241,0.0
319,247,0.0
319,253,0.0
319,259,0.0
319,265,0.0
319,271,0.0
319,277,0.0
319,283,0.0
319,289,0.0
319,295,0.0
319,301,0.0
319,307,0.0
319,313,0.0
319,325,0.0
319,331,0.0
319,337,0.0
319,343,0.0
319,349,0.0
319,355,0.0
319,361,0.0
319,367,0.0
319,373,0.0
319,379,0.0
319,385,0.0
319,391,0.0
319,397,0.0
325,1,0.0
325,7,0.0
325,13,0.0
325,19,0.0
325,25,0.0
325,31,0.0
325,37,0.0
325,43,0.0
325,49,0.0
325,55,0.0
325,61,0.0
325,67,0.0
325,73,0.0
325,79,0.0
325,85,0.0
325,91,0.0
325,97,0.0
325,103,0.0
325,109,0.0
325,115,0.0
325,121,0.0
325,127,0.0
325,133,0.0
325,139,0.0
325,145,0.0
325,151,0.0
325,157,0.0
325,163,0.0
325,169,0.0
325,175,0.0
325,181,0.0
325,187,0.0
325,193,0.0
325,199,0.0
325,205,0.0
325,211,0.0
325,217,0.0
325,223,0.0
325,229,0.0
325,235,0.0
325,241,0.0
325,247,0.0
325,253,0.0
325,259,0.0
325,265,0.0
325,271,0.0
325,277,0.0
325,283,0.0
325,289,0.0
325,295,0.0
325,301,0.0
325,307,0.0
325,313,0.0
325,319,0.0
325,331,0.0
325,337,0.0
325,343,0.0
325,349,0.0
325,355,0.0
325,361,0.0
325,367,0.0
325,373,0.0
325,379,0.0
325,385,0.0
325,391,0.0
325,397,0.0
331,1,0.0
331,7,0.0
331,13,0.0
331,19,0.0
331,25,0.0
331,31,0.0
331,37,0.0
331,43,0.0
331,49,0.0
331,55,0.0
331,61,0.0
331,67,0.0
331,73,0.0
331,79,0.0
331,85,0.0
331,91,0.0
331,97,0.0
331,103,0.0
331,109,0.0
331,115,0.0
331,121,0.0
331,127,0.0
331,133,0.0
331,139,0.0
331,145,0.0
331,151,0.0
331,157,0.0
331,163,0.0
331,169,0.0
331,175,0.0
331,181,0.0
331,187,0.0
331,193,0.0
331,199,0.0
331,205,0.0
331,211,0.0
331,217,0.0
331,223,0.0
331,229,3.4
331,235,0.0
331,241,0.0
331,247,0.0
331,253,0.0
331,259,0.0
331,265,0.0
331,271,0.0
331,277,0.0
331,283,0.0
331,289,0.0
331,295,0.0
331,301,0.0
331,307,0.0
331,313,0.0
331,319,0.0
331,325,0.0
331,337,0.0
331,343,0.0
331,349,0.0
331,355,0.0
331,361,0.0
331,367,0.0
331,373,0.0
331,379,0.0
331,385,0.0
331,391,0.0
331,397,0.0
337,1,0.0
337,7,0.0
337,13,0.0
337,19,0.0
337,25,0.0
337,31,0.0
337,37,0.0
337,43,0.0
337,49,0.0
337,55,0.0
337,61,0.0
337,67,0.0
337,73,0.0
337,79,0.0
337,85,0.0
337,91,0.0
337,97,0.0
337,103,0.0
337,109,0.0
337,115,0.0
337,121,0.0
337,127,0.0
337,133,0.0
337,139,0.0
337,145,0.0
337,151,0.0
337,157,0.0
337,163,0.0
337,169,0.0
337,175,0.0
337,181,0.0
337,187,0.0
337,193,0.0
337,199,0.0
337,205,0.0
337,211,0.0
337,217,0.0
337,223,0.0
337,229,0.0
337,235,0.0
337,241,0.0
337,247,0.0
337,253,0.0
337,259,0.0
337,265,0.0
337,271,0.0
337,277,0.0
337,283,0.0
337,289,0.0
337,295,0.0
337,301,0.0
337,307,0.0
337,313,0.0
337,319,0.0
337,325,0.0
337,331,0.0
337,343,0.0
337,349,0.0
337,355,0.0
337,361,0.0
337,367,0.0
337,373,0.0
337,379,0.0
337,385,0.0
337,391,0.0
337,397,0.0
343,1,0.0
343,7,0.0
343,13,0.0
343,19,0.0
343,25,0.0
343,31,0.0
343,37,0.0
343,43,0.0
343,49,0.0
343,55,0.0
343,61,0.0
343,67,0.0
343,73,0.0
343,79,0.0
343,85,0.0
343,91,0.0
343,97,0.0
343,103,0.0
343,109,0.0
343,115,0.0
343,121,0.0
343,127,0.0
343,133,0.0
343,139,0.0
343,145,0.0
343,151,0.0
343,157,0.0
343,163,0.0
343,169,0.0
343,175,0.0
343,181,0.0
343,187,0.0
343,193,0.0
343,199,0.0
343,205,0.0
343,211,0.0
343,217,0.0
343,223,0.0
343,229,0.0
343,235,0.0
343,241,0.0
343,247,0.0
343,253,0.0
343,259,0.0
343,265,0.0
343,271,0.0
343,277,0.0
343,283,0.0
343,289,0.0
343,295,0.0
343,301,0.0
343,307,0.0
343,313,0.0
343,319,0.0
343,325,0.0
343,331,0.0
343,337,0.0
343,349,0.0
343,355,0.0
343,361,0.0
343,367,0.0
343,373,0.0
343,379,0.0
343,385,0.0
343,391,0.0
343,397,0.0
349,1,0.0
349,7,0.0
349,13,0.0
349,19,0.0
349,25,0.0
349,31,0.0
349,37,0.0
349,43,0.0
349,49,0.0
349,55,0.0
349,61,0.0
349,67,0.0
349,73,0.0
349,79,0.0
349,85,0.0
349,91,0.0
349,97,0.0
349,103,0.0
349,109,0.0
349,115,0.0
349,121,0.0
349,127,0.0
349,133,0.0
349,139,0.0
349,145,0.0
349,151,0.0
349,157,0.0
349,163,0.0
349,169,0.0
349,175,0.0
349,181,0.0
349,187,0.0
349,193,0.0
349,199,0.0
349,205,0.0
349,211,0.0
349,217,0.0
349,223,0.0
349,229,0.0
349,235,0.0
349,241,0.0
349,247,0.0
349,253,0.1
349,259,0.0
349,265,0.0
349,271,0.0
349,277,0.0
349,283,0.0
349,289,0.0
349,295,0.0
349,301,0.0
349,307,0.0
349,313,0.0
349,319,0.0
349,325,0.0
349,331,0.0
349,337,0.0
349,343,0.0
349,355,0.0
349,361,0.0
349,367,0.0
349,373,0.0
349,379,0.0
349,385,0.0
349,391,0.0
349,397,0.0
355,1,0.0
355,7,0.0
355,13,0.0
355,19,0.0
355,25,0.0
355,31,0.0
355,37,0.0
355,43,0.0
355,49,0.0
355,55,0.0
355,61,0.0
355,67,0.0
355,73,0.0
355,79,0.0
355,85,0.0
355,91,0.0
355,97,0.0
355,103,0.0
355,109,0.0
355,115,0.0
355,121,0.0
355,127,0.0
355,133,0.0
355,139,0.0
355,145,0.0
355,151,0.0
355,157,0.0
355,163,0.0
355,169,0.0
355,175,0.0
355,181,0.0
355,187,0.0
355,193,0.0
355,199,0.0
355,205,0.0
355,211,0.0
355,217,0.0
355,223,0.0
355,229,0.0
355,235,0.0
355,241,0.0
355,247,0.0
355,253,0.0
355,259,0.0
355,265,0.0
355,271,0.0
355,277,0.0
355,283,0.0
355,289,0.0
355,295,0.0
355,301,0.0
355,307,0.0
355,313,0.0
355,319,0.0
355,325,0.0
355,331,0.0
355,337,0.0
355,343,0.0
355,349,0.0
355,361,0.0
355,367,0.0
355,373,0.0
355,379,0.0
355,385,0.0
355,391,0.0
355,397,0.0
361,1,0.0
361,7,0.0
361,13,0.0
361,19,0.0
361,25,0.0
361,31,0.0
361,37,0.0
361,43,0.0
361,49,0.0
361,55,0.0
361,61,0.0
361,67,0.0
361,73,0.0
361,79,0.0
361,85,0.0
361,91,0.0
361,97,0.0
361,103,0.0
361,109,0.0
361,115,0.0
361,121,0.0
361,127,0.0
361,133,0.0
361,139,0.0
361,145,0.0
361,151,0.0
361,157,0.0
361,163,0.0
361,169,0.0
361,175,0.0
361,181,0.0
361,187,0.0
361,193,0.0
361,199,0.0
361,205,0.0
361,211,7.9
361,217,0.0
361,223,0.0
361,229,0.0
361,235,0.0
361,241,0.0
361,247,0.0
361,253,0.0
361,259,0.0
361,265,0.0
361,271,0.0
361,277,0.0
361,283,0.0
361,289,0.0
361,295,0.0
361,301,0.0
361,307,0.0
361,313,0.0
361,319,0.0
361,325,0.0
361,331,0.0
361,337,0.0
361,343,0.0
361,349,0.0
361,355,0.0
361,367,0.0
361,373,0.0
361,379,0.0
361,385,0.0
361,391,0.0
361,397,0.0
367,1,0.0
367,7,0.0
367,13,0.0
367,19,0.0
367,25,0.0
367,31,0.0
367,37,0.0
367,43,0.0
367,49,0.0
367,55,0.0
367,61,0.0
367,67,0.0
367,73,0.0
367,79,0.0
367,85,0.0
367,91,0.0
367,97,0.0
367,103,0.0
367,109,0.0
367,115,0.0
367,121,0.0
367,127,0.0
367,133,0.0
367,139,0.0
367,145,0.0
367,151,0.0
367,157,0.0
367,163,0.0
367,169,0.0
367,175,0.0
367,181,0.0
367,187,0.0
367,193,0.0
367,199,0.0
367,205,0.0
367,211,0.0
367,217,0.0
367,223,0.0
367,229,0.0
367,235,0.0
367,241,0.0
367,247,0.0
367,253,0.0
367,259,0.0
367,265,0.0
367,271,0.0
367,277,0.0
367,283,0.0
367,289,0.0
367,295,0.0
367,301,0.0
367,307,0.0
367,313,0.0
367,319,0.0
367,325,0.0
367,331,0.0
367,337,0.0
367,343,0.0
367,349,0.0
367,355,0.0
367,361,0.0
367,373,0.0
367,379,0.0
367,385,0.0
367,391,0.0
367,397,0.0
373,1,0.0
373,7,0.0
373,13,0.0
373,19,0.0
373,25,0.0
373,31,0.0
373,37,0.0
373,43,0.0
373,49,0.0
373,55,0.0
373,61,0.0
373,67,0.0
373,73,0.0
373,79,0.0
373,85,0.0
373,91,0.0
373,97,0.0
373,103,0.0
373,109,0.0
373,115,0.0
373,121,0.0
373,127,0.0
373,133,0.0
373,139,0.0
373,145,0.0
373,151,0.0
373,157,0.0
373,163,0.0
373,169,0.0
373,175,0.0
373,181,0.0
373,187,0.0
373,193,0.0
373,199,0.0
373,205,0.0
373,211,0.0
373,217,0.0
373,223,0.0
373,229,0.0
373,235,0.0
373,241,0.0
373,247,0.0
373,253,0.0
373,259,0.0
373,265,0.0
373,271,0.4
373,277,0.0
373,283,0.0
373,289,0.0
373,295,0.0
373,301,0.0
373,307,0.0
373,313,0.0
373,319,0.0
373,325,0.0
373,331,0.0
373,337,0.0
373,343,0.0
373,349,0.0
373,355,0.0
373,361,0.0
373,367,0.0
373,379,0.0
373,385,0.0
373,391,0.0
373,397,0.0
379,1,0.0
379,7,0.0
379,13,0.0
379,19,0.0
379,25,0.0
379,31,0.0
379,37,0.0
379,43,0.0
379,49,0.0
379,55,0.0
379,61,0.0
379,67,0.0
379,73,0.0
379,79,0.0
379,85,0.0
379,91,0.0
379,97,0.0
379,103,0.0
379,109,0.0
379,115,0.0
379,121,0.0
379,127,0.0
379,133,0.0
379,139,0.0
379,145,0.0
379,151,0.0
379,157,0.0
379,163,0.0
379,169,0.0
379,175,0.0
379,181,0.0
379,187,0.0
379,193,0.0
379,199,0.0
379,205,0.0
379,211,0.0
379,217,0.0
379,223,0.0
379,229,0.0
379,235,0.0
379,241,0.0
379,247,0.0
379,253,0.0
379,259,0.0
379,265,0.0
379,271,0.0
379,277,0.0
379,283,0.0
379,289,0.0
379,295,0.0
379,301,0.0
379,307,0.0
379,313,0.0
379,319,0.0
379,325,0.0
379,331,0.0
379,337,0.0
379,343,0.0
379,349,0.0
379,355,0.0
379,361,0.0
379,367,0.0
379,373,0.0
379,385,0.0
379,391,0.0
379,397,0.0
385,1,0.0
385,7,0.0
385,13,0.0
385,19,0.0
385,25,0.0
385,31,0.0
385,37,0.0
385,43,0.0
385,49,0.0
385,55,0.0
385,61,0.0
385,67,0.0
385,73,0.0
385,79,0.0
385,85,0.0
385,91,0.0
385,97,0.0
385,103,0.0
385,109,0.0
385,115,0.0
385,121,0.0
385,127,0.0
385,133,0.0
385,139,0.0
385,145,0.0
385,151,0.0
385,157,0.0
385,163,0.0
385,169,0.0
385,175,0.0
385,181,0.0
385,187,0.0
385,193,0.0
385,199,0.0
385,205,0.0
385,211,0.0
385,217,0.0
385,223,0.0
385,229,0.0
385,235,0.0
385,241,0.0
385,247,0.0
385,253,0.0
385,259,0.0
385,265,0.0
385,271,0.0
385,277,0.0
385,283,0.0
385,289,0.0
385,295,0.0
385,301,0.0
385,307,0.0
385,313,0.0
385,319,0.0
385,325,0.0
385,331,0.0
385,337,0.0
385,343,0.0
385,349,0.0
385,355,0.0
385,361,0.0
385,367,0.0
385,373,0.0
385,379,0.0
385,391,0.0
385,397,0.0
391,1,0.0
391,7,0.0
391,13,0.0
391,19,0.0
391,25,0.0
391,31,0.0
391,37,0.0
391,43,0.0
391,49,0.0
391,55,0.0
391,61,0.0
391,67,0.0
391,73,0.0
391,79,0.0
391,85,0.0
391,91,0.0
391,97,0.0
391,103,0.0
391,109,0.0
391,115,0.0
391,121,0.0
391,127,0.0
391,133,0.0
391,139,0.0
391,145,0.0
391,151,0.0
391,157,0.0
391,163,0.0
391,169,0.0
391,175,0.0
391,181,0.0
391,187,0.0
391,193,0.0
391,199,0.0
391,205,0.0
391,211,0.0
391,217,0.0
391,223,0.0
391,229,0.0
391,235,0.0
391,241,0.0
391,247,0.0
391,253,0.0
391,259,0.0
391,265,0.0
391,271,0.0
391,277,0.0
391,283,0.0
391,289,0.0
391,295,0.0
391,301,0.0
391,307,0.0
391,313,0.0
391,319,0.0
391,325,0.0
391,331,0.0
391,337,0.0
391,343,0.0
391,349,0.0
391,355,0.0
391,361,0.0
391,367,0.0
391,373,0.0
391,379,0.0
391,385,0.0
391,397,0.0
397,1,0.0
397,7,0.0
397,13,0.0
397,19,0.0
397,25,0.0
397,31,0.0
397,37,0.0
397,43,0.0
397,49,0.0
397,55,0.0
397,61,0.0
397,67,0.0
397,73,0.0
397,79,0.0
397,85,0.0
397,91,0.0
397,97,0.0
397,103,0.0
397,109,0.0
397,115,0.0
397,121,0.0
397,127,0.0
397,133,0.0
397,139,0.0
397,145,0.0
397,151,0.0
397,157,0.0
397,163,0.0
397,169,0.0
397,175,0.0
397,181,0.0
397,187,0.0
397,193,0.0
397,199,0.0
397,205,0.0
397,211,0.0
397,217,0.0
397,223,0.0
397,229,0.0
397,235,0.0
397,241,0.0
397,247,0.0
397,253,0.0
397,259,0.0
397,265,0.0
397,271,0.0
397,277,0.0
397,283,0.0
397,289,0.0
397,295,0.0
397,301,0.0
397,307,0.0
397,313,0.0
397,319,0.0
397,325,0.0
397,331,0.0
397,337,0.0
397,343,0.0
397,349,0.0
397,355,0.0
397,361,0.0
397,367,0.0
397,373,0.0
397,379,0.0
397,385,0.0
397,391,0.0
