run_id,lambda,seed,fitness,cost,cost_norm,passenger_service,passenger_service_norm,service,service_norm,is_pareto,pareto_label,best_individual,line_edges_count
1,0.0,42,0.8113681837048689,46.32591440464667,0.21539743823089463,1209.7510606416308,0.8113681837048689,1209.7510606416308,0.8113681837048689,False,,"[385, 361, 61, 145, 175, 259]",47
2,0.0,43,0.8266215855298972,39.78249065249258,0.17237451975083642,1232.493903418583,0.8266215855298972,1232.493903418583,0.8266215855298972,True,K_C,"[49, 43, 265, 325, 367, 277]",41
3,0.0,44,0.8113681837048689,46.32591440464667,0.21539743823089463,1209.7510606416308,0.8113681837048689,1209.7510606416308,0.8113681837048689,False,,"[385, 361, 61, 145, 175, 259]",47
4,0.0,45,0.8113681837048689,46.32591440464667,0.21539743823089463,1209.7510606416308,0.8113681837048689,1209.7510606416308,0.8113681837048689,False,,"[385, 361, 61, 145, 175, 259]",47
5,0.05,42,0.7600299026080806,46.32591440464667,0.21539743823089463,1209.7510606416308,0.8113681837048689,1209.7510606416308,0.8113681837048689,False,,"[385, 361, 61, 145, 175, 259]",47
6,0.05,43,0.7766717802658604,39.78249065249258,0.17237451975083642,1232.493903418583,0.8266215855298972,1232.493903418583,0.8266215855298972,True,,"[49, 43, 265, 325, 367, 277]",41
7,0.05,44,0.7600299026080806,46.32591440464667,0.21539743823089463,1209.7510606416308,0.8113681837048689,1209.7510606416308,0.8113681837048689,False,,"[385, 361, 61, 145, 175, 259]",47
8,0.05,45,0.7600299026080806,46.32591440464667,0.21539743823089463,1209.7510606416308,0.8113681837048689,1209.7510606416308,0.8113681837048689,False,,"[385, 361, 61, 145, 175, 259]",47
9,0.1,42,0.7086916215112925,46.32591440464667,0.21539743823089463,1209.7510606416308,0.8113681837048689,1209.7510606416308,0.8113681837048689,False,,"[385, 361, 61, 145, 175, 259]",47
10,0.1,43,0.7086916215112925,46.32591440464667,0.21539743823089463,1209.7510606416308,0.8113681837048689,1209.7510606416308,0.8113681837048689,False,,"[385, 361, 61, 145, 175, 259]",47
11,0.1,44,0.7086916215112925,46.32591440464667,0.21539743823089463,1209.7510606416308,0.8113681837048689,1209.7510606416308,0.8113681837048689,False,,"[385, 361, 61, 145, 175, 259]",47
12,0.1,45,0.7086916215112925,46.32591440464667,0.21539743823089463,1209.7510606416308,0.8113681837048689,1209.7510606416308,0.8113681837048689,False,,"[385, 361, 61, 145, 175, 259]",47
13,0.15,42,0.6814664482646126,30.99744996865996,0.11461300169844038,1225.5301391774735,0.821951057081622,1225.5301391774735,0.821951057081622,True,,"[259, 175, 85, 43, 61, 121]",32
14,0.15,43,0.6767721697377871,39.78249065249258,0.17237451975083642,1232.493903418583,0.8266215855298972,1232.493903418583,0.8266215855298972,True,,"[49, 43, 265, 325, 367, 277]",41
15,0.15,44,0.6573533404145043,46.32591440464667,0.21539743823089463,1209.7510606416308,0.8113681837048689,1209.7510606416308,0.8113681837048689,False,,"[385, 361, 61, 145, 175, 259]",47
16,0.15,45,0.6573533404145043,46.32591440464667,0.21539743823089463,1209.7510606416308,0.8113681837048689,1209.7510606416308,0.8113681837048689,False,,"[385, 361, 61, 145, 175, 259]",47
17,0.2,42,0.6060150593177162,46.32591440464667,0.21539743823089463,1209.7510606416308,0.8113681837048689,1209.7510606416308,0.8113681837048689,False,,"[385, 361, 61, 145, 175, 259]",47
18,0.2,43,0.6268223644737505,39.78249065249258,0.17237451975083642,1232.493903418583,0.8266215855298972,1232.493903418583,0.8266215855298972,True,,"[49, 43, 265, 325, 367, 277]",41
19,0.2,44,0.6060150593177162,46.32591440464667,0.21539743823089463,1209.7510606416308,0.8113681837048689,1209.7510606416308,0.8113681837048689,False,,"[385, 361, 61, 145, 175, 259]",47
20,0.2,45,0.6060150593177162,46.32591440464667,0.21539743823089463,1209.7510606416308,0.8113681837048689,1209.7510606416308,0.8113681837048689,False,,"[385, 361, 61, 145, 175, 259]",47
21,0.25,42,0.554676778220928,46.32591440464667,0.21539743823089463,1209.7510606416308,0.8113681837048689,1209.7510606416308,0.8113681837048689,False,,"[385, 361, 61, 145, 175, 259]",47
22,0.25,43,0.5768725592097137,39.78249065249258,0.17237451975083642,1232.493903418583,0.8266215855298972,1232.493903418583,0.8266215855298972,True,,"[49, 43, 265, 325, 367, 277]",41
23,0.25,44,0.554676778220928,46.32591440464667,0.21539743823089463,1209.7510606416308,0.8113681837048689,1209.7510606416308,0.8113681837048689,False,,"[385, 361, 61, 145, 175, 259]",47
24,0.25,45,0.554676778220928,46.32591440464667,0.21539743823089463,1209.7510606416308,0.8113681837048689,1209.7510606416308,0.8113681837048689,False,,"[385, 361, 61, 145, 175, 259]",47
25,0.3,42,0.5033384971241398,46.32591440464667,0.21539743823089463,1209.7510606416308,0.8113681837048689,1209.7510606416308,0.8113681837048689,False,,"[385, 361, 61, 145, 175, 259]",47
26,0.3,43,0.5269227539456771,39.78249065249258,0.17237451975083642,1232.493903418583,0.8266215855298972,1232.493903418583,0.8266215855298972,True,,"[49, 43, 265, 325, 367, 277]",41
27,0.3,44,0.5033384971241398,46.32591440464667,0.21539743823089463,1209.7510606416308,0.8113681837048689,1209.7510606416308,0.8113681837048689,False,,"[385, 361, 61, 145, 175, 259]",47
28,0.3,45,0.5033384971241398,46.32591440464667,0.21539743823089463,1209.7510606416308,0.8113681837048689,1209.7510606416308,0.8113681837048689,False,,"[385, 361, 61, 145, 175, 259]",47
29,0.35,42,0.4520002160273517,46.32591440464667,0.21539743823089463,1209.7510606416308,0.8113681837048689,1209.7510606416308,0.8113681837048689,False,,"[385, 361, 61, 145, 175, 259]",47
30,0.35,43,0.4769729486816405,39.78249065249258,0.17237451975083642,1232.493903418583,0.8266215855298972,1232.493903418583,0.8266215855298972,True,,"[49, 43, 265, 325, 367, 277]",41
31,0.35,44,0.4941536365086002,30.99744996865996,0.11461300169844038,1225.5301391774735,0.821951057081622,1225.5301391774735,0.821951057081622,True,,"[259, 175, 85, 43, 61, 121]",32
32,0.35,45,0.4769729486816405,39.78249065249258,0.17237451975083642,1232.493903418583,0.8266215855298972,1232.493903418583,0.8266215855298972,True,,"[49, 43, 265, 325, 367, 277]",41
33,0.4,42,0.40384122983692716,35.49631523929489,0.14419297712454257,1146.8743170374019,0.7691973678112404,1146.8743170374019,0.7691973678112404,False,,"[361, 385, 145, 151, 175, 259]",36
34,0.4,43,0.4270231434176037,39.78249065249258,0.17237451975083642,1232.493903418583,0.8266215855298972,1232.493903418583,0.8266215855298972,True,,"[49, 43, 265, 325, 367, 277]",41
35,0.4,44,0.44732543356959703,30.99744996865996,0.11461300169844038,1225.5301391774735,0.821951057081622,1225.5301391774735,0.821951057081622,True,,"[259, 175, 85, 43, 61, 121]",32
36,0.4,45,0.4270231434176037,39.78249065249258,0.17237451975083642,1232.493903418583,0.8266215855298972,1232.493903418583,0.8266215855298972,True,,"[49, 43, 265, 325, 367, 277]",41
37,0.45,42,0.3581717125901381,35.49631523929489,0.14419297712454257,1146.8743170374019,0.7691973678112404,1146.8743170374019,0.7691973678112404,False,,"[361, 385, 145, 151, 175, 259]",36
38,0.45,43,0.37994912284131216,27.37648220570042,0.09080518994951567,1140.7826440127637,0.765111742397444,1140.7826440127637,0.765111742397444,True,,"[49, 67, 43, 265, 325, 367]",28
39,0.45,44,0.40049723063059395,30.99744996865996,0.11461300169844038,1225.5301391774735,0.821951057081622,1225.5301391774735,0.821951057081622,True,,"[259, 175, 85, 43, 61, 121]",32
40,0.45,45,0.37994912284131216,27.37648220570042,0.09080518994951567,1140.7826440127637,0.765111742397444,1140.7826440127637,0.765111742397444,True,,"[49, 67, 43, 265, 325, 367]",28
41,0.5,42,0.30312437663762265,22.985533478269144,0.06193476426629416,996.2625294944536,0.6681835175415395,996.2625294944536,0.6681835175415395,False,,"[361, 343, 325, 385, 367, 211]",24
42,0.5,43,0.33818764913805266,23.66195234316151,0.06638220872120319,1107.452448759528,0.7427575069973085,1107.452448759528,0.7427575069973085,True,,"[49, 67, 43, 85, 265, 325]",24
43,0.5,44,0.3536690276915908,30.99744996865996,0.11461300169844038,1225.5301391774735,0.821951057081622,1225.5301391774735,0.821951057081622,True,,"[259, 175, 85, 43, 61, 121]",32
44,0.5,45,0.33818764913805266,23.66195234316151,0.06638220872120319,1107.452448759528,0.7427575069973085,1107.452448759528,0.7427575069973085,True,,"[49, 67, 43, 85, 265, 325]",24
45,0.55,42,0.27300474514321904,22.89697579810226,0.061352498773653764,1016.3613489341808,0.681663598819397,1016.3613489341808,0.681663598819397,False,,"[367, 325, 265, 85, 127, 109]",23
46,0.55,43,0.297730663352127,23.66195234316151,0.06638220872120319,1107.452448759528,0.7427575069973085,1107.452448759528,0.7427575069973085,True,,"[49, 67, 43, 85, 265, 325]",24
47,0.55,44,0.30684082475258767,30.99744996865996,0.11461300169844038,1225.5301391774735,0.821951057081622,1225.5301391774735,0.821951057081622,True,,"[259, 175, 85, 43, 61, 121]",32
48,0.55,45,0.297730663352127,23.66195234316151,0.06638220872120319,1107.452448759528,0.7427575069973085,1107.452448759528,0.7427575069973085,True,,"[49, 67, 43, 85, 265, 325]",24
49,0.6,42,0.2306730710368798,14.58045373979224,0.00667148404730501,874.7554408448532,0.586689903663157,874.7554408448532,0.586689903663157,False,,"[307, 367, 385, 325, 343, 361]",15
50,0.6,43,0.25727367756620145,23.66195234316151,0.06638220872120319,1107.452448759528,0.7427575069973085,1107.452448759528,0.7427575069973085,True,,"[49, 67, 43, 85, 265, 325]",24
51,0.6,44,0.25727367756620145,23.66195234316151,0.06638220872120319,1107.452448759528,0.7427575069973085,1107.452448759528,0.7427575069973085,True,,"[49, 67, 43, 85, 265, 325]",24
52,0.6,45,0.25727367756620145,23.66195234316151,0.06638220872120319,1107.452448759528,0.7427575069973085,1107.452448759528,0.7427575069973085,True,,"[49, 67, 43, 85, 265, 325]",24
53,0.65,42,0.20100500165135668,14.58045373979224,0.00667148404730501,874.7554408448532,0.586689903663157,874.7554408448532,0.586689903663157,False,,"[307, 367, 385, 325, 343, 361]",15
54,0.65,43,0.2168166917802759,23.66195234316151,0.06638220872120319,1107.452448759528,0.7427575069973085,1107.452448759528,0.7427575069973085,True,,"[49, 67, 43, 85, 265, 325]",24
55,0.65,44,0.20219785029866075,21.990449084324702,0.05539209847189923,1014.7444845669517,0.6805791837297007,1014.7444845669517,0.6805791837297007,False,,"[49, 109, 127, 85, 265, 325]",22
56,0.65,45,0.2168166917802759,23.66195234316151,0.06638220872120319,1107.452448759528,0.7427575069973085,1107.452448759528,0.7427575069973085,True,,"[49, 67, 43, 85, 265, 325]",24
57,0.7,42,0.17133693226583363,14.580453739792237,0.006671484047304986,874.7554408448533,0.586689903663157,874.7554408448533,0.586689903663157,True,K_B,"[361, 343, 325, 385, 367, 307]",15
58,0.7,43,0.17635970599435036,23.66195234316151,0.06638220872120319,1107.452448759528,0.7427575069973085,1107.452448759528,0.7427575069973085,True,,"[49, 67, 43, 85, 265, 325]",24
59,0.7,44,0.18983155524998468,18.741512888186524,0.034030389004841066,1061.8555173540997,0.712176091844578,1061.8555173540997,0.712176091844578,True,,"[67, 85, 43, 61, 121, 241]",19
60,0.7,45,0.17635970599435036,23.66195234316151,0.06638220872120319,1107.452448759528,0.7427575069973085,1107.452448759528,0.7427575069973085,True,,"[49, 67, 43, 85, 265, 325]",24
61,0.75,42,0.1416688628803105,14.58045373979224,0.00667148404730501,874.7554408448532,0.586689903663157,874.7554408448532,0.586689903663157,False,,"[307, 367, 385, 325, 343, 361]",15
62,0.75,43,0.13590272020842473,23.66195234316151,0.06638220872120319,1107.452448759528,0.7427575069973085,1107.452448759528,0.7427575069973085,True,,"[49, 67, 43, 85, 265, 325]",24
63,0.75,44,0.13590272020842473,23.66195234316151,0.06638220872120319,1107.452448759528,0.7427575069973085,1107.452448759528,0.7427575069973085,True,,"[49, 67, 43, 85, 265, 325]",24
64,0.75,45,0.1400393487971235,15.603055501328708,0.013395076143822396,895.1116647886736,0.6003426236199612,895.1116647886736,0.6003426236199612,False,,"[265, 247, 187, 229, 211, 193]",16
65,0.8,42,0.11200079349478738,14.580453739792237,0.006671484047304986,874.7554408448533,0.586689903663157,874.7554408448533,0.586689903663157,True,,"[361, 343, 325, 385, 367, 307]",15
66,0.8,43,0.10256947766101697,15.628748135888642,0.01356400485210697,845.5519488603144,0.5671034077135129,845.5519488603144,0.5671034077135129,False,,"[265, 247, 229, 187, 127, 109]",16
67,0.8,44,0.11200079349478738,14.580453739792237,0.006671484047304986,874.7554408448533,0.586689903663157,874.7554408448533,0.586689903663157,True,,"[361, 343, 325, 385, 367, 307]",15
68,0.8,45,0.11930034727666126,16.87228386799967,0.02174023467552929,1019.0437740830974,0.6834626750854236,1019.0437740830974,0.6834626750854236,True,,"[67, 43, 61, 121, 181, 241]",17
69,0.85,42,0.08233272410926432,14.580453739792237,0.006671484047304986,874.7554408448533,0.586689903663157,874.7554408448533,0.586689903663157,True,,"[361, 343, 325, 385, 367, 307]",15
70,0.85,43,0.08216043589760688,14.86491375932468,0.008541804646234745,888.8452475581846,0.596139798979376,888.8452475581846,0.596139798979376,False,,"[67, 85, 25, 43, 61, 121]",15
71,0.85,44,0.07866557882074515,15.603055501328708,0.013395076143822396,895.1116647886736,0.6003426236199612,895.1116647886736,0.6003426236199612,False,,"[265, 247, 187, 229, 211, 193]",16
72,0.85,45,0.08591704625817412,14.81838392799541,0.008235871664359464,923.6011583448766,0.6194502478191977,923.6011583448766,0.6194502478191977,True,,"[43, 61, 121, 103, 85, 67]",15
73,0.9,42,0.052664654723741176,14.58045373979224,0.00667148404730501,874.7554408448532,0.586689903663157,874.7554408448532,0.586689903663157,False,,"[307, 367, 385, 325, 343, 361]",15
74,0.9,43,0.04797869383255595,15.603055501328708,0.013395076143822396,895.1116647886736,0.6003426236199612,895.1116647886736,0.6003426236199612,False,,"[265, 247, 187, 229, 211, 193]",16
75,0.9,44,0.04797869383255595,15.603055501328708,0.013395076143822396,895.1116647886736,0.6003426236199612,895.1116647886736,0.6003426236199612,False,,"[265, 247, 187, 229, 211, 193]",16
76,0.9,45,0.05453274028399623,14.81838392799541,0.008235871664359464,923.6011583448766,0.6194502478191977,923.6011583448766,0.6194502478191977,True,,"[43, 61, 121, 103, 85, 67]",15
77,0.95,42,0.022996585338218117,14.58045373979224,0.00667148404730501,874.7554408448532,0.586689903663157,874.7554408448532,0.586689903663157,False,,"[307, 367, 385, 325, 343, 361]",15
78,0.95,43,0.020839929867505193,14.229403900815385,0.004363336328801089,745.0563401934961,0.49970198759732404,745.0563401934961,0.49970198759732404,True,,"[19, 37, 55, 115, 175, 157]",15
79,0.95,44,0.020205537818051542,14.657762109388514,0.007179785482294877,805.9260126320515,0.540526680524633,805.9260126320515,0.540526680524633,False,,"[127, 187, 247, 229, 211, 193]",15
80,0.95,45,0.019654979817224492,14.67027128541347,0.007262033137461214,791.8383540756982,0.5310782259562524,791.8383540756982,0.5310782259562524,False,,"[43, 103, 85, 67, 49, 31]",15
81,1.0,42,-0.0040190614199737155,14.177042585142765,0.0040190614199737155,537.9410177230429,0.36079177005126895,537.9410177230429,0.36079177005126895,True,K_A,"[289, 271, 211, 229, 247, 187]",15
82,1.0,43,-0.0040190614199737155,14.177042585142765,0.0040190614199737155,537.9410177230429,0.36079177005126895,537.9410177230429,0.36079177005126895,True,,"[289, 271, 211, 229, 247, 187]",15
83,1.0,44,-0.0040190614199737155,14.177042585142765,0.0040190614199737155,537.9410177230429,0.36079177005126895,537.9410177230429,0.36079177005126895,True,,"[289, 271, 211, 229, 247, 187]",15
84,1.0,45,-0.0040190614199737155,14.177042585142765,0.0040190614199737155,537.9410177230429,0.36079177005126895,537.9410177230429,0.36079177005126895,True,,"[289, 271, 211, 229, 247, 187]",15
